"Label (Grouping)","Aleutians East census subarea, Aleutians East Borough, Alaska!!Count","Aleutians East census subarea, Aleutians East Borough, Alaska!!Percent","Aleutians West census subarea, Aleutians West Census Area, Alaska!!Count","Aleutians West census subarea, Aleutians West Census Area, Alaska!!Percent","Anchorage census subarea, Anchorage Municipality, Alaska!!Count","Anchorage census subarea, Anchorage Municipality, Alaska!!Percent","Aniak census subarea, Bethel Census Area, Alaska!!Count","Aniak census subarea, Bethel Census Area, Alaska!!Percent","Lower Kuskokwim census subarea, Bethel Census Area, Alaska!!Count","Lower Kuskokwim census subarea, Bethel Census Area, Alaska!!Percent","Bristol Bay census subarea, Bristol Bay Borough, Alaska!!Count","Bristol Bay census subarea, Bristol Bay Borough, Alaska!!Percent","Chugach census subarea, Chugach Census Area, Alaska!!Count","Chugach census subarea, Chugach Census Area, Alaska!!Percent","Copper River census subarea, Copper River Census Area, Alaska!!Count","Copper River census subarea, Copper River Census Area, Alaska!!Percent","Denali census subarea, Denali Borough, Alaska!!Count","Denali census subarea, Denali Borough, Alaska!!Percent","Dillingham census subarea, Dillingham Census Area, Alaska!!Count","Dillingham census subarea, Dillingham Census Area, Alaska!!Percent","Fairbanks North Star census subarea, Fairbanks North Star Borough, Alaska!!Count","Fairbanks North Star census subarea, Fairbanks North Star Borough, Alaska!!Percent","Haines census subarea, Haines Borough, Alaska!!Count","Haines census subarea, Haines Borough, Alaska!!Percent","Hoonah-Angoon census subarea, Hoonah-Angoon Census Area, Alaska!!Count","Hoonah-Angoon census subarea, Hoonah-Angoon Census Area, Alaska!!Percent","Klukwan census subarea, Hoonah-Angoon Census Area, Alaska!!Count","Klukwan census subarea, Hoonah-Angoon Census Area, Alaska!!Percent","Juneau census subarea, Juneau City and Borough, Alaska!!Count","Juneau census subarea, Juneau City and Borough, Alaska!!Percent","Kenai-Cook Inlet census subarea, Kenai Peninsula Borough, Alaska!!Count","Kenai-Cook Inlet census subarea, Kenai Peninsula Borough, Alaska!!Percent","Seward-Hope census subarea, Kenai Peninsula Borough, Alaska!!Count","Seward-Hope census subarea, Kenai Peninsula Borough, Alaska!!Percent","Ketchikan census subarea, Ketchikan Gateway Borough, Alaska!!Count","Ketchikan census subarea, Ketchikan Gateway Borough, Alaska!!Percent","Kodiak Island census subarea, Kodiak Island Borough, Alaska!!Count","Kodiak Island census subarea, Kodiak Island Borough, Alaska!!Percent","Kusilvak census subarea, Kusilvak Census Area, Alaska!!Count","Kusilvak census subarea, Kusilvak Census Area, Alaska!!Percent","Lake and Peninsula census subarea, Lake and Peninsula Borough, Alaska!!Count","Lake and Peninsula census subarea, Lake and Peninsula Borough, Alaska!!Percent","Matanuska-Susitna census subarea, Matanuska-Susitna Borough, Alaska!!Count","Matanuska-Susitna census subarea, Matanuska-Susitna Borough, Alaska!!Percent","Nome census subarea, Nome Census Area, Alaska!!Count","Nome census subarea, Nome Census Area, Alaska!!Percent","North Slope census subarea, North Slope Borough, Alaska!!Count","North Slope census subarea, North Slope Borough, Alaska!!Percent","Northwest Arctic census subarea, Northwest Arctic Borough, Alaska!!Count","Northwest Arctic census subarea, Northwest Arctic Borough, Alaska!!Percent","Petersburg census subarea, Petersburg Borough, Alaska!!Count","Petersburg census subarea, Petersburg Borough, Alaska!!Percent","Hyder census subarea, Prince of Wales-Hyder Census Area, Alaska!!Count","Hyder census subarea, Prince of Wales-Hyder Census Area, Alaska!!Percent","Metlakatla Indian Community census subarea, Prince of Wales-Hyder Census Area, Alaska!!Count","Metlakatla Indian Community census subarea, Prince of Wales-Hyder Census Area, Alaska!!Percent","Prince of Wales census subarea, Prince of Wales-Hyder Census Area, Alaska!!Count","Prince of Wales census subarea, Prince of Wales-Hyder Census Area, Alaska!!Percent","Sitka census subarea, Sitka City and Borough, Alaska!!Count","Sitka census subarea, Sitka City and Borough, Alaska!!Percent","Skagway census subarea, Skagway Municipality, Alaska!!Count","Skagway census subarea, Skagway Municipality, Alaska!!Percent","Southeast Fairbanks census subarea, Southeast Fairbanks Census Area, Alaska!!Count","Southeast Fairbanks census subarea, Southeast Fairbanks Census Area, Alaska!!Percent","Wrangell census subarea, Wrangell City and Borough, Alaska!!Count","Wrangell census subarea, Wrangell City and Borough, Alaska!!Percent","Yakutat census subarea, Yakutat City and Borough, Alaska!!Count","Yakutat census subarea, Yakutat City and Borough, Alaska!!Percent","Koyukuk-Middle Yukon census subarea, Yukon-Koyukuk Census Area, Alaska!!Count","Koyukuk-Middle Yukon census subarea, Yukon-Koyukuk Census Area, Alaska!!Percent","McGrath-Holy Cross census subarea, Yukon-Koyukuk Census Area, Alaska!!Count","McGrath-Holy Cross census subarea, Yukon-Koyukuk Census Area, Alaska!!Percent","Yukon Flats census subarea, Yukon-Koyukuk Census Area, Alaska!!Count","Yukon Flats census subarea, Yukon-Koyukuk Census Area, Alaska!!Percent"
"SEX AND AGE","","","","","","","","","","","","","","","","","","","","","","","","","","","","","","","","","","","","","","","","","","","","","","","","","","","","","","","","","","","","","","","","","","","","","","","","","",""
"Total population","3,420","100.0%","5,232","100.0%","291,247","100.0%","1,456","100.0%","17,210","100.0%","844","100.0%","7,102","100.0%","2,617","100.0%","1,619","100.0%","4,857","100.0%","95,655","100.0%","2,080","100.0%","2,278","100.0%","87","100.0%","32,255","100.0%","52,885","100.0%","5,914","100.0%","13,948","100.0%","13,101","100.0%","8,368","100.0%","1,476","100.0%","107,081","100.0%","10,046","100.0%","11,031","100.0%","7,793","100.0%","3,398","100.0%","71","100.0%","1,562","100.0%","4,120","100.0%","8,458","100.0%","1,240","100.0%","6,808","100.0%","2,127","100.0%","662","100.0%","3,186","100.0%","1,071","100.0%","1,086","100.0%"
"Under 5 years","70","2.0%","162","3.1%","18,738","6.4%","117","8.0%","1,677","9.7%","45","5.3%","443","6.2%","137","5.2%","89","5.5%","434","8.9%","6,697","7.0%","93","4.5%","128","5.6%","3","3.4%","1,705","5.3%","3,037","5.7%","295","5.0%","699","5.0%","822","6.3%","982","11.7%","137","9.3%","7,220","6.7%","918","9.1%","791","7.2%","763","9.8%","156","4.6%","1","1.4%","114","7.3%","233","5.7%","440","5.2%","82","6.6%","379","5.6%","112","5.3%","32","4.8%","195","6.1%","93","8.7%","65","6.0%"
"5 to 9 years","72","2.1%","208","4.0%","19,261","6.6%","154","10.6%","1,762","10.2%","62","7.3%","474","6.7%","161","6.2%","81","5.0%","434","8.9%","6,581","6.9%","105","5.0%","143","6.3%","6","6.9%","1,972","6.1%","3,212","6.1%","266","4.5%","918","6.6%","972","7.4%","942","11.3%","121","8.2%","8,360","7.8%","937","9.3%","805","7.3%","805","10.3%","247","7.3%","2","2.8%","129","8.3%","266","6.5%","468","5.5%","67","5.4%","452","6.6%","134","6.3%","44","6.6%","252","7.9%","85","7.9%","94","8.7%"
"10 to 14 years","99","2.9%","174","3.3%","19,253","6.6%","134","9.2%","1,637","9.5%","42","5.0%","473","6.7%","185","7.1%","104","6.4%","443","9.1%","6,231","6.5%","121","5.8%","162","7.1%","6","6.9%","2,031","6.3%","3,442","6.5%","292","4.9%","931","6.7%","956","7.3%","983","11.7%","108","7.3%","8,652","8.1%","965","9.6%","827","7.5%","807","10.4%","209","6.2%","8","11.3%","135","8.6%","273","6.6%","535","6.3%","66","5.3%","469","6.9%","114","5.4%","27","4.1%","274","8.6%","96","9.0%","80","7.4%"
"15 to 19 years","104","3.0%","211","4.0%","18,692","6.4%","109","7.5%","1,576","9.2%","47","5.6%","419","5.9%","149","5.7%","74","4.6%","333","6.9%","5,865","6.1%","93","4.5%","112","4.9%","2","2.3%","1,933","6.0%","3,291","6.2%","282","4.8%","855","6.1%","822","6.3%","798","9.5%","111","7.5%","7,298","6.8%","773","7.7%","905","8.2%","669","8.6%","181","5.3%","4","5.6%","105","6.7%","245","5.9%","490","5.8%","46","3.7%","414","6.1%","104","4.9%","38","5.7%","184","5.8%","31","2.9%","68","6.3%"
"20 to 24 years","190","5.6%","368","7.0%","21,075","7.2%","98","6.7%","1,358","7.9%","40","4.7%","366","5.2%","100","3.8%","49","3.0%","330","6.8%","9,497","9.9%","75","3.6%","79","3.5%","6","6.9%","1,728","5.4%","2,372","4.5%","335","5.7%","750","5.4%","912","7.0%","648","7.7%","92","6.2%","5,485","5.1%","675","6.7%","650","5.9%","531","6.8%","158","4.6%","6","8.5%","91","5.8%","152","3.7%","486","5.7%","27","2.2%","327","4.8%","89","4.2%","29","4.4%","149","4.7%","68","6.3%","65","6.0%"
"25 to 29 years","319","9.3%","468","8.9%","23,710","8.1%","109","7.5%","1,365","7.9%","59","7.0%","495","7.0%","111","4.2%","99","6.1%","347","7.1%","8,748","9.1%","103","5.0%","112","4.9%","0","0.0%","2,321","7.2%","2,879","5.4%","450","7.6%","828","5.9%","950","7.3%","648","7.7%","117","7.9%","6,607","6.2%","799","8.0%","869","7.9%","562","7.2%","175","5.2%","7","9.9%","106","6.8%","190","4.6%","563","6.7%","74","6.0%","426","6.3%","109","5.1%","34","5.1%","165","5.2%","74","6.9%","60","5.5%"
"30 to 34 years","401","11.7%","574","11.0%","23,704","8.1%","117","8.0%","1,230","7.1%","65","7.7%","561","7.9%","156","6.0%","122","7.5%","408","8.4%","7,830","8.2%","107","5.1%","121","5.3%","3","3.4%","2,601","8.1%","3,291","6.2%","504","8.5%","997","7.1%","1,081","8.3%","645","7.7%","114","7.7%","7,587","7.1%","809","8.1%","945","8.6%","649","8.3%","262","7.7%","2","2.8%","97","6.2%","258","6.3%","619","7.3%","107","8.6%","478","7.0%","129","6.1%","39","5.9%","233","7.3%","81","7.6%","54","5.0%"
"35 to 39 years","409","12.0%","607","11.6%","21,943","7.5%","106","7.3%","998","5.8%","48","5.7%","583","8.2%","170","6.5%","140","8.6%","282","5.8%","7,139","7.5%","151","7.3%","123","5.4%","8","9.2%","2,540","7.9%","3,327","6.3%","454","7.7%","1,025","7.3%","992","7.6%","417","5.0%","122","8.3%","7,885","7.4%","692","6.9%","935","8.5%","483","6.2%","234","6.9%","1","1.4%","93","6.0%","273","6.6%","616","7.3%","128","10.3%","505","7.4%","127","6.0%","41","6.2%","201","6.3%","68","6.3%","68","6.3%"
"40 to 44 years","288","8.4%","410","7.8%","17,964","6.2%","79","5.4%","858","5.0%","37","4.4%","420","5.9%","150","5.7%","122","7.5%","239","4.9%","5,447","5.7%","126","6.1%","106","4.7%","5","5.7%","2,102","6.5%","2,936","5.6%","429","7.3%","897","6.4%","858","6.5%","327","3.9%","87","5.9%","6,734","6.3%","558","5.6%","759","6.9%","411","5.3%","173","5.1%","1","1.4%","76","4.9%","229","5.6%","610","7.2%","137","11.0%","415","6.1%","91","4.3%","49","7.4%","175","5.5%","64","6.0%","83","7.6%"
"45 to 49 years","310","9.1%","439","8.4%","16,909","5.8%","58","4.0%","790","4.6%","65","7.7%","424","6.0%","149","5.7%","102","6.3%","204","4.2%","4,982","5.2%","99","4.8%","120","5.3%","6","6.9%","1,929","6.0%","3,062","5.8%","357","6.0%","831","6.0%","654","5.0%","330","3.9%","66","4.5%","6,440","6.0%","501","5.0%","736","6.7%","358","4.6%","179","5.3%","3","4.2%","81","5.2%","212","5.1%","490","5.8%","99","8.0%","372","5.5%","91","4.3%","43","6.5%","187","5.9%","51","4.8%","71","6.5%"
"50 to 54 years","337","9.9%","487","9.3%","17,117","5.9%","74","5.1%","800","4.6%","46","5.5%","446","6.3%","144","5.5%","93","5.7%","267","5.5%","4,962","5.2%","147","7.1%","155","6.8%","7","8.0%","2,165","6.7%","3,205","6.1%","369","6.2%","901","6.5%","754","5.8%","395","4.7%","71","4.8%","6,445","6.0%","495","4.9%","675","6.1%","364","4.7%","208","6.1%","9","12.7%","104","6.7%","275","6.7%","499","5.9%","75","6.0%","441","6.5%","138","6.5%","49","7.4%","181","5.7%","66","6.2%","68","6.3%"
"55 to 59 years","332","9.7%","490","9.4%","18,983","6.5%","89","6.1%","954","5.5%","71","8.4%","527","7.4%","237","9.1%","151","9.3%","336","6.9%","5,404","5.6%","175","8.4%","168","7.4%","4","4.6%","2,387","7.4%","3,874","7.3%","471","8.0%","1,038","7.4%","839","6.4%","393","4.7%","89","6.0%","7,032","6.6%","588","5.9%","790","7.2%","464","6.0%","222","6.5%","5","7.0%","117","7.5%","339","8.2%","613","7.2%","79","6.4%","464","6.8%","174","8.2%","61","9.2%","234","7.3%","55","5.1%","82","7.6%"
"60 to 64 years","254","7.4%","331","6.3%","17,764","6.1%","85","5.8%","793","4.6%","81","9.6%","568","8.0%","279","10.7%","150","9.3%","289","6.0%","5,311","5.6%","193","9.3%","235","10.3%","5","5.7%","2,208","6.8%","4,584","8.7%","482","8.2%","1,015","7.3%","882","6.7%","320","3.8%","104","7.0%","7,130","6.7%","495","4.9%","669","6.1%","351","4.5%","282","8.3%","3","4.2%","84","5.4%","372","9.0%","603","7.1%","86","6.9%","502","7.4%","233","11.0%","55","8.3%","277","8.7%","81","7.6%","69","6.4%"
"65 to 69 years","113","3.3%","172","3.3%","14,286","4.9%","50","3.4%","621","3.6%","61","7.2%","404","5.7%","185","7.1%","117","7.2%","223","4.6%","4,504","4.7%","195","9.4%","213","9.4%","13","14.9%","1,877","5.8%","4,154","7.9%","426","7.2%","886","6.4%","692","5.3%","238","2.8%","56","3.8%","5,963","5.6%","376","3.7%","374","3.4%","253","3.2%","255","7.5%","8","11.3%","108","6.9%","333","8.1%","548","6.5%","64","5.2%","453","6.7%","182","8.6%","55","8.3%","221","6.9%","71","6.6%","60","5.5%"
"70 to 74 years","86","2.5%","78","1.5%","9,969","3.4%","41","2.8%","356","2.1%","31","3.7%","240","3.4%","147","5.6%","48","3.0%","122","2.5%","3,164","3.3%","152","7.3%","142","6.2%","4","4.6%","1,342","4.2%","2,883","5.5%","263","4.4%","631","4.5%","465","3.5%","152","1.8%","32","2.2%","3,907","3.6%","230","2.3%","134","1.2%","142","1.8%","218","6.4%","7","9.9%","68","4.4%","222","5.4%","361","4.3%","46","3.7%","340","5.0%","132","6.2%","26","3.9%","123","3.9%","42","3.9%","41","3.8%"
"75 to 79 years","24","0.7%","21","0.4%","5,867","2.0%","22","1.5%","253","1.5%","20","2.4%","127","1.8%","93","3.6%","36","2.2%","87","1.8%","1,714","1.8%","66","3.2%","78","3.4%","3","3.4%","724","2.2%","1,819","3.4%","133","2.2%","414","3.0%","242","1.8%","66","0.8%","32","2.2%","2,238","2.1%","125","1.2%","87","0.8%","74","0.9%","120","3.5%","3","4.2%","29","1.9%","140","3.4%","246","2.9%","34","2.7%","203","3.0%","72","3.4%","16","2.4%","59","1.9%","26","2.4%","36","3.3%"
"80 to 84 years","5","0.1%","13","0.2%","3,256","1.1%","4","0.3%","108","0.6%","13","1.5%","66","0.9%","33","1.3%","28","1.7%","43","0.9%","837","0.9%","44","2.1%","43","1.9%","2","2.3%","399","1.2%","892","1.7%","53","0.9%","202","1.4%","128","1.0%","48","0.6%","10","0.7%","1,189","1.1%","63","0.6%","41","0.4%","60","0.8%","58","1.7%","1","1.4%","17","1.1%","63","1.5%","158","1.9%","14","1.1%","106","1.6%","43","2.0%","16","2.4%","43","1.3%","7","0.7%","14","1.3%"
"85 years and over","7","0.2%","19","0.4%","2,756","0.9%","10","0.7%","74","0.4%","11","1.3%","66","0.9%","31","1.2%","14","0.9%","36","0.7%","742","0.8%","35","1.7%","38","1.7%","4","4.6%","291","0.9%","625","1.2%","53","0.9%","130","0.9%","80","0.6%","36","0.4%","7","0.5%","909","0.8%","47","0.5%","39","0.4%","47","0.6%","61","1.8%","0","0.0%","8","0.5%","45","1.1%","113","1.3%","9","0.7%","62","0.9%","53","2.5%","8","1.2%","33","1.0%","12","1.1%","8","0.7%"
"Selected Age Categories","","","","","","","","","","","","","","","","","","","","","","","","","","","","","","","","","","","","","","","","","","","","","","","","","","","","","","","","","","","","","","","","","","","","","","","","","",""
"16 years and over","3,161","92.4%","4,652","88.9%","230,273","79.1%","1,018","69.9%","11,788","68.5%","683","80.9%","5,626","79.2%","2,096","80.1%","1,331","82.2%","3,461","71.3%","75,030","78.4%","1,737","83.5%","1,812","79.5%","70","80.5%","26,167","81.1%","42,485","80.3%","5,025","85.0%","11,203","80.3%","10,187","77.8%","5,298","63.3%","1,066","72.2%","81,188","75.8%","7,050","70.2%","8,468","76.8%","5,268","67.6%","2,759","81.2%","60","84.5%","1,160","74.3%","3,302","80.1%","6,907","81.7%","1,018","82.1%","5,408","79.4%","1,749","82.2%","549","82.9%","2,435","76.4%","795","74.2%","833","76.7%"
"18 years and over","3,120","91.2%","4,579","87.5%","222,915","76.5%","980","67.3%","11,150","64.8%","658","78.0%","5,456","76.8%","2,031","77.6%","1,291","79.7%","3,319","68.3%","72,748","76.1%","1,702","81.8%","1,775","77.9%","70","80.5%","25,367","78.6%","41,084","77.7%","4,903","82.9%","10,855","77.8%","9,874","75.4%","4,947","59.1%","1,025","69.4%","78,081","72.9%","6,751","67.2%","8,179","74.1%","4,986","64.0%","2,685","79.0%","60","84.5%","1,126","72.1%","3,197","77.6%","6,714","79.4%","993","80.1%","5,223","76.7%","1,707","80.3%","534","80.7%","2,342","73.5%","778","72.6%","798","73.5%"
"21 years and over","3,057","89.4%","4,385","83.8%","211,122","72.5%","919","63.1%","10,267","59.7%","638","75.6%","5,212","73.4%","1,966","75.1%","1,260","77.8%","3,167","65.2%","68,419","71.5%","1,655","79.6%","1,722","75.6%","70","80.5%","24,255","75.2%","39,432","74.6%","4,720","79.8%","10,375","74.4%","9,309","71.1%","4,530","54.1%","981","66.5%","74,353","69.4%","6,344","63.1%","7,536","68.3%","4,621","59.3%","2,571","75.7%","54","76.1%","1,045","66.9%","3,083","74.8%","6,424","76.0%","973","78.5%","5,021","73.8%","1,645","77.3%","512","77.3%","2,244","70.4%","751","70.1%","765","70.4%"
"62 years and over","362","10.6%","465","8.9%","46,480","16.0%","174","12.0%","1,833","10.7%","175","20.7%","1,241","17.5%","641","24.5%","334","20.6%","671","13.8%","14,025","14.7%","612","29.4%","654","28.7%","30","34.5%","5,905","18.3%","13,143","24.9%","1,214","20.5%","2,877","20.6%","2,141","16.3%","723","8.6%","187","12.7%","18,356","17.1%","1,136","11.3%","994","9.0%","786","10.1%","894","26.3%","20","28.2%","280","17.9%","1,038","25.2%","1,771","20.9%","221","17.8%","1,449","21.3%","629","29.6%","152","23.0%","669","21.0%","208","19.4%","206","19.0%"
"65 years and over","235","6.9%","303","5.8%","36,134","12.4%","127","8.7%","1,412","8.2%","136","16.1%","903","12.7%","489","18.7%","243","15.0%","511","10.5%","10,961","11.5%","492","23.7%","514","22.6%","26","29.9%","4,633","14.4%","10,373","19.6%","928","15.7%","2,263","16.2%","1,607","12.3%","540","6.5%","137","9.3%","14,206","13.3%","841","8.4%","675","6.1%","576","7.4%","712","21.0%","19","26.8%","230","14.7%","803","19.5%","1,426","16.9%","167","13.5%","1,164","17.1%","482","22.7%","121","18.3%","479","15.0%","158","14.8%","159","14.6%"
"Male population","2,371","100.0%","3,432","100.0%","147,894","100.0%","756","100.0%","8,991","100.0%","440","100.0%","3,759","100.0%","1,422","100.0%","847","100.0%","2,498","100.0%","50,970","100.0%","1,052","100.0%","1,213","100.0%","47","100.0%","16,399","100.0%","27,293","100.0%","3,366","100.0%","7,085","100.0%","6,988","100.0%","4,379","100.0%","726","100.0%","55,383","100.0%","5,286","100.0%","6,840","100.0%","4,084","100.0%","1,769","100.0%","39","100.0%","848","100.0%","2,260","100.0%","4,311","100.0%","637","100.0%","3,725","100.0%","1,096","100.0%","376","100.0%","1,683","100.0%","579","100.0%","573","100.0%"
"Male population Under 5 years","38","1.6%","76","2.2%","9,746","6.6%","55","7.3%","876","9.7%","23","5.2%","216","5.7%","67","4.7%","42","5.0%","216","8.6%","3,422","6.7%","48","4.6%","60","4.9%","1","2.1%","857","5.2%","1,600","5.9%","154","4.6%","355","5.0%","455","6.5%","535","12.2%","55","7.6%","3,752","6.8%","454","8.6%","409","6.0%","387","9.5%","81","4.6%","1","2.6%","67","7.9%","112","5.0%","238","5.5%","39","6.1%","193","5.2%","52","4.7%","14","3.7%","92","5.5%","44","7.6%","29","5.1%"
"Male population 5 to 9 years","33","1.4%","106","3.1%","9,879","6.7%","84","11.1%","893","9.9%","37","8.4%","250","6.7%","90","6.3%","49","5.8%","196","7.8%","3,341","6.6%","53","5.0%","69","5.7%","5","10.6%","999","6.1%","1,659","6.1%","123","3.7%","480","6.8%","523","7.5%","481","11.0%","52","7.2%","4,282","7.7%","484","9.2%","402","5.9%","437","10.7%","110","6.2%","0","0.0%","74","8.7%","142","6.3%","234","5.4%","35","5.5%","210","5.6%","65","5.9%","23","6.1%","138","8.2%","50","8.6%","46","8.0%"
"Male population 10 to 14 years","51","2.2%","87","2.5%","9,964","6.7%","61","8.1%","820","9.1%","18","4.1%","249","6.6%","100","7.0%","42","5.0%","240","9.6%","3,230","6.3%","58","5.5%","90","7.4%","3","6.4%","1,014","6.2%","1,801","6.6%","144","4.3%","485","6.8%","518","7.4%","532","12.1%","61","8.4%","4,552","8.2%","486","9.2%","420","6.1%","419","10.3%","109","6.2%","3","7.7%","79","9.3%","150","6.6%","281","6.5%","37","5.8%","240","6.4%","61","5.6%","15","4.0%","159","9.4%","51","8.8%","35","6.1%"
"Male population 15 to 19 years","61","2.6%","131","3.8%","9,661","6.5%","64","8.5%","834","9.3%","21","4.8%","230","6.1%","77","5.4%","43","5.1%","173","6.9%","3,151","6.2%","55","5.2%","44","3.6%","2","4.3%","1,008","6.1%","1,735","6.4%","161","4.8%","439","6.2%","450","6.4%","388","8.9%","54","7.4%","3,842","6.9%","397","7.5%","568","8.3%","363","8.9%","94","5.3%","3","7.7%","58","6.8%","142","6.3%","253","5.9%","21","3.3%","231","6.2%","59","5.4%","19","5.1%","99","5.9%","11","1.9%","30","5.2%"
"Male population 20 to 24 years","124","5.2%","268","7.8%","11,416","7.7%","48","6.3%","696","7.7%","19","4.3%","209","5.6%","50","3.5%","19","2.2%","169","6.8%","5,951","11.7%","31","2.9%","44","3.6%","5","10.6%","873","5.3%","1,240","4.5%","220","6.5%","401","5.7%","577","8.3%","356","8.1%","43","5.9%","2,927","5.3%","372","7.0%","362","5.3%","281","6.9%","99","5.6%","2","5.1%","51","6.0%","87","3.8%","281","6.5%","10","1.6%","200","5.4%","51","4.7%","14","3.7%","84","5.0%","38","6.6%","30","5.2%"
"Male population 25 to 29 years","230","9.7%","320","9.3%","12,283","8.3%","47","6.2%","694","7.7%","34","7.7%","258","6.9%","56","3.9%","46","5.4%","172","6.9%","4,917","9.6%","51","4.8%","71","5.9%","0","0.0%","1,176","7.2%","1,461","5.4%","289","8.6%","422","6.0%","502","7.2%","334","7.6%","53","7.3%","3,337","6.0%","401","7.6%","510","7.5%","288","7.1%","82","4.6%","5","12.8%","51","6.0%","102","4.5%","293","6.8%","33","5.2%","245","6.6%","36","3.3%","21","5.6%","90","5.3%","32","5.5%","29","5.1%"
"Male population 30 to 34 years","302","12.7%","395","11.5%","12,050","8.1%","59","7.8%","646","7.2%","32","7.3%","298","7.9%","80","5.6%","55","6.5%","215","8.6%","4,141","8.1%","51","4.8%","64","5.3%","3","6.4%","1,302","7.9%","1,667","6.1%","302","9.0%","479","6.8%","609","8.7%","342","7.8%","58","8.0%","3,955","7.1%","430","8.1%","588","8.6%","320","7.8%","138","7.8%","1","2.6%","44","5.2%","132","5.8%","301","7.0%","60","9.4%","284","7.6%","64","5.8%","12","3.2%","119","7.1%","42","7.3%","28","4.9%"
"Male population 35 to 39 years","308","13.0%","447","13.0%","11,202","7.6%","65","8.6%","511","5.7%","23","5.2%","305","8.1%","92","6.5%","77","9.1%","145","5.8%","3,783","7.4%","68","6.5%","73","6.0%","6","12.8%","1,296","7.9%","1,723","6.3%","283","8.4%","534","7.5%","522","7.5%","215","4.9%","57","7.9%","4,038","7.3%","374","7.1%","635","9.3%","260","6.4%","118","6.7%","0","0.0%","46","5.4%","135","6.0%","310","7.2%","63","9.9%","299","8.0%","76","6.9%","25","6.6%","107","6.4%","43","7.4%","41","7.2%"
"Male population 40 to 44 years","207","8.7%","284","8.3%","9,046","6.1%","41","5.4%","467","5.2%","17","3.9%","219","5.8%","71","5.0%","64","7.6%","126","5.0%","2,884","5.7%","58","5.5%","51","4.2%","3","6.4%","1,109","6.8%","1,559","5.7%","246","7.3%","457","6.5%","441","6.3%","161","3.7%","49","6.7%","3,510","6.3%","297","5.6%","543","7.9%","214","5.2%","84","4.7%","1","2.6%","47","5.5%","135","6.0%","317","7.4%","70","11.0%","221","5.9%","45","4.1%","36","9.6%","87","5.2%","36","6.2%","49","8.6%"
"Male population 45 to 49 years","219","9.2%","290","8.4%","8,362","5.7%","30","4.0%","428","4.8%","34","7.7%","217","5.8%","94","6.6%","48","5.7%","107","4.3%","2,632","5.2%","50","4.8%","63","5.2%","4","8.5%","1,025","6.3%","1,570","5.8%","199","5.9%","405","5.7%","324","4.6%","178","4.1%","31","4.3%","3,396","6.1%","261","4.9%","532","7.8%","186","4.6%","84","4.7%","2","5.1%","44","5.2%","113","5.0%","245","5.7%","57","8.9%","196","5.3%","43","3.9%","25","6.6%","109","6.5%","29","5.0%","41","7.2%"
"Male population 50 to 54 years","229","9.7%","307","8.9%","8,650","5.8%","39","5.2%","449","5.0%","30","6.8%","243","6.5%","74","5.2%","51","6.0%","154","6.2%","2,523","4.9%","75","7.1%","78","6.4%","3","6.4%","1,098","6.7%","1,633","6.0%","227","6.7%","449","6.3%","364","5.2%","218","5.0%","37","5.1%","3,331","6.0%","276","5.2%","493","7.2%","207","5.1%","124","7.0%","5","12.8%","58","6.8%","144","6.4%","252","5.8%","38","6.0%","237","6.4%","74","6.8%","30","8.0%","95","5.6%","32","5.5%","41","7.2%"
"Male population 55 to 59 years","234","9.9%","329","9.6%","9,555","6.5%","39","5.2%","532","5.9%","37","8.4%","295","7.8%","138","9.7%","86","10.2%","179","7.2%","2,716","5.3%","94","8.9%","81","6.7%","0","0.0%","1,247","7.6%","1,960","7.2%","259","7.7%","568","8.0%","445","6.4%","200","4.6%","58","8.0%","3,659","6.6%","331","6.3%","546","8.0%","234","5.7%","127","7.2%","2","5.1%","63","7.4%","188","8.3%","320","7.4%","48","7.5%","271","7.3%","88","8.0%","36","9.6%","115","6.8%","31","5.4%","39","6.8%"
"Male population 60 to 64 years","187","7.9%","217","6.3%","8,845","6.0%","50","6.6%","428","4.8%","42","9.5%","300","8.0%","151","10.6%","88","10.4%","147","5.9%","2,706","5.3%","110","10.5%","136","11.2%","0","0.0%","1,117","6.8%","2,339","8.6%","232","6.9%","508","7.2%","482","6.9%","173","4.0%","49","6.7%","3,613","6.5%","258","4.9%","434","6.3%","189","4.6%","145","8.2%","2","5.1%","48","5.7%","200","8.8%","303","7.0%","46","7.2%","251","6.7%","127","11.6%","31","8.2%","132","7.8%","43","7.4%","41","7.2%"
"Male population 65 to 69 years","76","3.2%","106","3.1%","7,084","4.8%","27","3.6%","350","3.9%","31","7.0%","216","5.7%","105","7.4%","62","7.3%","112","4.5%","2,345","4.6%","112","10.6%","116","9.6%","5","10.6%","931","5.7%","2,184","8.0%","252","7.5%","432","6.1%","342","4.9%","118","2.7%","28","3.9%","3,022","5.5%","211","4.0%","247","3.6%","142","3.5%","142","8.0%","6","15.4%","56","6.6%","195","8.6%","270","6.3%","36","5.7%","261","7.0%","92","8.4%","38","10.1%","121","7.2%","46","7.9%","31","5.4%"
"Male population 70 to 74 years","53","2.2%","44","1.3%","4,935","3.3%","26","3.4%","178","2.0%","17","3.9%","119","3.2%","91","6.4%","35","4.1%","60","2.4%","1,686","3.3%","78","7.4%","80","6.6%","3","6.4%","703","4.3%","1,476","5.4%","150","4.5%","315","4.4%","231","3.3%","74","1.7%","18","2.5%","2,049","3.7%","155","2.9%","74","1.1%","72","1.8%","119","6.7%","4","10.3%","38","4.5%","135","6.0%","196","4.5%","26","4.1%","181","4.9%","79","7.2%","14","3.7%","67","4.0%","22","3.8%","26","4.5%"
"Male population 75 to 79 years","13","0.5%","9","0.3%","2,754","1.9%","14","1.9%","124","1.4%","12","2.7%","65","1.7%","53","3.7%","17","2.0%","41","1.6%","851","1.7%","27","2.6%","41","3.4%","0","0.0%","351","2.1%","968","3.5%","72","2.1%","207","2.9%","119","1.7%","27","0.6%","16","2.2%","1,136","2.1%","52","1.0%","56","0.8%","38","0.9%","66","3.7%","1","2.6%","17","2.0%","72","3.2%","122","2.8%","10","1.6%","119","3.2%","36","3.3%","12","3.2%","39","2.3%","19","3.3%","25","4.4%"
"Male population 80 to 84 years","1","0.0%","5","0.1%","1,432","1.0%","3","0.4%","56","0.6%","7","1.6%","36","1.0%","17","1.2%","14","1.7%","30","1.2%","407","0.8%","22","2.1%","30","2.5%","2","4.3%","178","1.1%","457","1.7%","23","0.7%","104","1.5%","56","0.8%","22","0.5%","5","0.7%","574","1.0%","30","0.6%","11","0.2%","34","0.8%","29","1.6%","1","2.6%","5","0.6%","49","2.2%","62","1.4%","6","0.9%","52","1.4%","24","2.2%","8","2.1%","18","1.1%","4","0.7%","9","1.6%"
"Male population 85 years and over","5","0.2%","11","0.3%","1,030","0.7%","4","0.5%","9","0.1%","6","1.4%","34","0.9%","16","1.1%","9","1.1%","16","0.6%","284","0.6%","11","1.0%","22","1.8%","2","4.3%","115","0.7%","261","1.0%","30","0.9%","45","0.6%","28","0.4%","25","0.6%","2","0.3%","408","0.7%","17","0.3%","10","0.1%","13","0.3%","18","1.0%","0","0.0%","2","0.2%","27","1.2%","33","0.8%","2","0.3%","34","0.9%","24","2.2%","3","0.8%","12","0.7%","6","1.0%","3","0.5%"
"Selected Age Categories","","","","","","","","","","","","","","","","","","","","","","","","","","","","","","","","","","","","","","","","","","","","","","","","","","","","","","","","","","","","","","","","","","","","","","","","","",""
"16 years and over","2,237","94.3%","3,147","91.7%","116,437","78.7%","534","70.6%","6,229","69.3%","356","80.9%","2,985","79.4%","1,145","80.5%","707","83.5%","1,802","72.1%","40,398","79.3%","885","84.1%","978","80.6%","36","76.6%","13,335","81.3%","21,864","80.1%","2,930","87.0%","5,667","80.0%","5,409","77.4%","2,755","62.9%","538","74.1%","41,947","75.7%","3,764","71.2%","5,534","80.9%","2,762","67.6%","1,457","82.4%","35","89.7%","615","72.5%","1,832","81.1%","3,509","81.4%","524","82.3%","3,023","81.2%","903","82.4%","314","83.5%","1,276","75.8%","433","74.8%","452","78.9%"
"18 years and over","2,211","93.3%","3,106","90.5%","112,648","76.2%","510","67.5%","5,881","65.4%","346","78.6%","2,904","77.3%","1,115","78.4%","682","80.5%","1,735","69.5%","39,227","77.0%","861","81.8%","966","79.6%","36","76.6%","12,908","78.7%","21,106","77.3%","2,868","85.2%","5,492","77.5%","5,244","75.0%","2,574","58.8%","523","72.0%","40,326","72.8%","3,612","68.3%","5,388","78.8%","2,608","63.9%","1,417","80.1%","35","89.7%","597","70.4%","1,779","78.7%","3,412","79.1%","510","80.1%","2,916","78.3%","883","80.6%","309","82.2%","1,221","72.5%","427","73.7%","440","76.8%"
"21 years and over","2,176","91.8%","2,957","86.2%","106,395","71.9%","475","62.8%","5,411","60.2%","335","76.1%","2,763","73.5%","1,075","75.6%","668","78.9%","1,648","66.0%","36,642","71.9%","833","79.2%","946","78.0%","36","76.6%","12,323","75.1%","20,234","74.1%","2,749","81.7%","5,230","73.8%","4,876","69.8%","2,381","54.4%","500","68.9%","38,301","69.2%","3,410","64.5%","4,940","72.2%","2,407","58.9%","1,350","76.3%","32","82.1%","553","65.2%","1,704","75.4%","3,249","75.4%","505","79.3%","2,816","75.6%","849","77.5%","301","80.1%","1,172","69.6%","418","72.2%","430","75.0%"
"62 years and over","244","10.3%","284","8.3%","22,338","15.1%","96","12.7%","937","10.4%","92","20.9%","659","17.5%","361","25.4%","194","22.9%","341","13.7%","7,126","14.0%","315","29.9%","362","29.8%","12","25.5%","2,923","17.8%","6,747","24.7%","666","19.8%","1,408","19.9%","1,058","15.1%","368","8.4%","96","13.2%","9,303","16.8%","627","11.9%","618","9.0%","413","10.1%","461","26.1%","13","33.3%","146","17.2%","602","26.6%","845","19.6%","113","17.7%","788","21.2%","331","30.2%","91","24.2%","352","20.9%","120","20.7%","123","21.5%"
"65 years and over","148","6.2%","175","5.1%","17,235","11.7%","74","9.8%","717","8.0%","73","16.6%","470","12.5%","282","19.8%","137","16.2%","259","10.4%","5,573","10.9%","250","23.8%","289","23.8%","12","25.5%","2,278","13.9%","5,346","19.6%","527","15.7%","1,103","15.6%","776","11.1%","266","6.1%","69","9.5%","7,189","13.0%","465","8.8%","398","5.8%","299","7.3%","374","21.1%","12","30.8%","118","13.9%","478","21.2%","683","15.8%","80","12.6%","647","17.4%","255","23.3%","75","19.9%","257","15.3%","97","16.8%","94","16.4%"
"Female population","1,049","100.0%","1,800","100.0%","143,353","100.0%","700","100.0%","8,219","100.0%","404","100.0%","3,343","100.0%","1,195","100.0%","772","100.0%","2,359","100.0%","44,685","100.0%","1,028","100.0%","1,065","100.0%","40","100.0%","15,856","100.0%","25,592","100.0%","2,548","100.0%","6,863","100.0%","6,113","100.0%","3,989","100.0%","750","100.0%","51,698","100.0%","4,760","100.0%","4,191","100.0%","3,709","100.0%","1,629","100.0%","32","100.0%","714","100.0%","1,860","100.0%","4,147","100.0%","603","100.0%","3,083","100.0%","1,031","100.0%","286","100.0%","1,503","100.0%","492","100.0%","513","100.0%"
"Female population Under 5 years","32","3.1%","86","4.8%","8,992","6.3%","62","8.9%","801","9.7%","22","5.4%","227","6.8%","70","5.9%","47","6.1%","218","9.2%","3,275","7.3%","45","4.4%","68","6.4%","2","5.0%","848","5.3%","1,437","5.6%","141","5.5%","344","5.0%","367","6.0%","447","11.2%","82","10.9%","3,468","6.7%","464","9.7%","382","9.1%","376","10.1%","75","4.6%","0","0.0%","47","6.6%","121","6.5%","202","4.9%","43","7.1%","186","6.0%","60","5.8%","18","6.3%","103","6.9%","49","10.0%","36","7.0%"
"Female population 5 to 9 years","39","3.7%","102","5.7%","9,382","6.5%","70","10.0%","869","10.6%","25","6.2%","224","6.7%","71","5.9%","32","4.1%","238","10.1%","3,240","7.3%","52","5.1%","74","6.9%","1","2.5%","973","6.1%","1,553","6.1%","143","5.6%","438","6.4%","449","7.3%","461","11.6%","69","9.2%","4,078","7.9%","453","9.5%","403","9.6%","368","9.9%","137","8.4%","2","6.3%","55","7.7%","124","6.7%","234","5.6%","32","5.3%","242","7.8%","69","6.7%","21","7.3%","114","7.6%","35","7.1%","48","9.4%"
"Female population 10 to 14 years","48","4.6%","87","4.8%","9,289","6.5%","73","10.4%","817","9.9%","24","5.9%","224","6.7%","85","7.1%","62","8.0%","203","8.6%","3,001","6.7%","63","6.1%","72","6.8%","3","7.5%","1,017","6.4%","1,641","6.4%","148","5.8%","446","6.5%","438","7.2%","451","11.3%","47","6.3%","4,100","7.9%","479","10.1%","407","9.7%","388","10.5%","100","6.1%","5","15.6%","56","7.8%","123","6.6%","254","6.1%","29","4.8%","229","7.4%","53","5.1%","12","4.2%","115","7.7%","45","9.1%","45","8.8%"
"Female population 15 to 19 years","43","4.1%","80","4.4%","9,031","6.3%","45","6.4%","742","9.0%","26","6.4%","189","5.7%","72","6.0%","31","4.0%","160","6.8%","2,714","6.1%","38","3.7%","68","6.4%","0","0.0%","925","5.8%","1,556","6.1%","121","4.7%","416","6.1%","372","6.1%","410","10.3%","57","7.6%","3,456","6.7%","376","7.9%","337","8.0%","306","8.3%","87","5.3%","1","3.1%","47","6.6%","103","5.5%","237","5.7%","25","4.1%","183","5.9%","45","4.4%","19","6.6%","85","5.7%","20","4.1%","38","7.4%"
"Female population 20 to 24 years","66","6.3%","100","5.6%","9,659","6.7%","50","7.1%","662","8.1%","21","5.2%","157","4.7%","50","4.2%","30","3.9%","161","6.8%","3,546","7.9%","44","4.3%","35","3.3%","1","2.5%","855","5.4%","1,132","4.4%","115","4.5%","349","5.1%","335","5.5%","292","7.3%","49","6.5%","2,558","4.9%","303","6.4%","288","6.9%","250","6.7%","59","3.6%","4","12.5%","40","5.6%","65","3.5%","205","4.9%","17","2.8%","127","4.1%","38","3.7%","15","5.2%","65","4.3%","30","6.1%","35","6.8%"
"Female population 25 to 29 years","89","8.5%","148","8.2%","11,427","8.0%","62","8.9%","671","8.2%","25","6.2%","237","7.1%","55","4.6%","53","6.9%","175","7.4%","3,831","8.6%","52","5.1%","41","3.8%","0","0.0%","1,145","7.2%","1,418","5.5%","161","6.3%","406","5.9%","448","7.3%","314","7.9%","64","8.5%","3,270","6.3%","398","8.4%","359","8.6%","274","7.4%","93","5.7%","2","6.3%","55","7.7%","88","4.7%","270","6.5%","41","6.8%","181","5.9%","73","7.1%","13","4.5%","75","5.0%","42","8.5%","31","6.0%"
"Female population 30 to 34 years","99","9.4%","179","9.9%","11,654","8.1%","58","8.3%","584","7.1%","33","8.2%","263","7.9%","76","6.4%","67","8.7%","193","8.2%","3,689","8.3%","56","5.4%","57","5.4%","0","0.0%","1,299","8.2%","1,624","6.3%","202","7.9%","518","7.5%","472","7.7%","303","7.6%","56","7.5%","3,632","7.0%","379","8.0%","357","8.5%","329","8.9%","124","7.6%","1","3.1%","53","7.4%","126","6.8%","318","7.7%","47","7.8%","194","6.3%","65","6.3%","27","9.4%","114","7.6%","39","7.9%","26","5.1%"
"Female population 35 to 39 years","101","9.6%","160","8.9%","10,741","7.5%","41","5.9%","487","5.9%","25","6.2%","278","8.3%","78","6.5%","63","8.2%","137","5.8%","3,356","7.5%","83","8.1%","50","4.7%","2","5.0%","1,244","7.8%","1,604","6.3%","171","6.7%","491","7.2%","470","7.7%","202","5.1%","65","8.7%","3,847","7.4%","318","6.7%","300","7.2%","223","6.0%","116","7.1%","1","3.1%","47","6.6%","138","7.4%","306","7.4%","65","10.8%","206","6.7%","51","4.9%","16","5.6%","94","6.3%","25","5.1%","27","5.3%"
"Female population 40 to 44 years","81","7.7%","126","7.0%","8,918","6.2%","38","5.4%","391","4.8%","20","5.0%","201","6.0%","79","6.6%","58","7.5%","113","4.8%","2,563","5.7%","68","6.6%","55","5.2%","2","5.0%","993","6.3%","1,377","5.4%","183","7.2%","440","6.4%","417","6.8%","166","4.2%","38","5.1%","3,224","6.2%","261","5.5%","216","5.2%","197","5.3%","89","5.5%","0","0.0%","29","4.1%","94","5.1%","293","7.1%","67","11.1%","194","6.3%","46","4.5%","13","4.5%","88","5.9%","28","5.7%","34","6.6%"
"Female population 45 to 49 years","91","8.7%","149","8.3%","8,547","6.0%","28","4.0%","362","4.4%","31","7.7%","207","6.2%","55","4.6%","54","7.0%","97","4.1%","2,350","5.3%","49","4.8%","57","5.4%","2","5.0%","904","5.7%","1,492","5.8%","158","6.2%","426","6.2%","330","5.4%","152","3.8%","35","4.7%","3,044","5.9%","240","5.0%","204","4.9%","172","4.6%","95","5.8%","1","3.1%","37","5.2%","99","5.3%","245","5.9%","42","7.0%","176","5.7%","48","4.7%","18","6.3%","78","5.2%","22","4.5%","30","5.8%"
"Female population 50 to 54 years","108","10.3%","180","10.0%","8,467","5.9%","35","5.0%","351","4.3%","16","4.0%","203","6.1%","70","5.9%","42","5.4%","113","4.8%","2,439","5.5%","72","7.0%","77","7.2%","4","10.0%","1,067","6.7%","1,572","6.1%","142","5.6%","452","6.6%","390","6.4%","177","4.4%","34","4.5%","3,114","6.0%","219","4.6%","182","4.3%","157","4.2%","84","5.2%","4","12.5%","46","6.4%","131","7.0%","247","6.0%","37","6.1%","204","6.6%","64","6.2%","19","6.6%","86","5.7%","34","6.9%","27","5.3%"
"Female population 55 to 59 years","98","9.3%","161","8.9%","9,428","6.6%","50","7.1%","422","5.1%","34","8.4%","232","6.9%","99","8.3%","65","8.4%","157","6.7%","2,688","6.0%","81","7.9%","87","8.2%","4","10.0%","1,140","7.2%","1,914","7.5%","212","8.3%","470","6.8%","394","6.4%","193","4.8%","31","4.1%","3,373","6.5%","257","5.4%","244","5.8%","230","6.2%","95","5.8%","3","9.4%","54","7.6%","151","8.1%","293","7.1%","31","5.1%","193","6.3%","86","8.3%","25","8.7%","119","7.9%","24","4.9%","43","8.4%"
"Female population 60 to 64 years","67","6.4%","114","6.3%","8,919","6.2%","35","5.0%","365","4.4%","39","9.7%","268","8.0%","128","10.7%","62","8.0%","142","6.0%","2,605","5.8%","83","8.1%","99","9.3%","5","12.5%","1,091","6.9%","2,245","8.8%","250","9.8%","507","7.4%","400","6.5%","147","3.7%","55","7.3%","3,517","6.8%","237","5.0%","235","5.6%","162","4.4%","137","8.4%","1","3.1%","36","5.0%","172","9.2%","300","7.2%","40","6.6%","251","8.1%","106","10.3%","24","8.4%","145","9.6%","38","7.7%","28","5.5%"
"Female population 65 to 69 years","37","3.5%","66","3.7%","7,202","5.0%","23","3.3%","271","3.3%","30","7.4%","188","5.6%","80","6.7%","55","7.1%","111","4.7%","2,159","4.8%","83","8.1%","97","9.1%","8","20.0%","946","6.0%","1,970","7.7%","174","6.8%","454","6.6%","350","5.7%","120","3.0%","28","3.7%","2,941","5.7%","165","3.5%","127","3.0%","111","3.0%","113","6.9%","2","6.3%","52","7.3%","138","7.4%","278","6.7%","28","4.6%","192","6.2%","90","8.7%","17","5.9%","100","6.7%","25","5.1%","29","5.7%"
"Female population 70 to 74 years","33","3.1%","34","1.9%","5,034","3.5%","15","2.1%","178","2.2%","14","3.5%","121","3.6%","56","4.7%","13","1.7%","62","2.6%","1,478","3.3%","74","7.2%","62","5.8%","1","2.5%","639","4.0%","1,407","5.5%","113","4.4%","316","4.6%","234","3.8%","78","2.0%","14","1.9%","1,858","3.6%","75","1.6%","60","1.4%","70","1.9%","99","6.1%","3","9.4%","30","4.2%","87","4.7%","165","4.0%","20","3.3%","159","5.2%","53","5.1%","12","4.2%","56","3.7%","20","4.1%","15","2.9%"
"Female population 75 to 79 years","11","1.0%","12","0.7%","3,113","2.2%","8","1.1%","129","1.6%","8","2.0%","62","1.9%","40","3.3%","19","2.5%","46","1.9%","863","1.9%","39","3.8%","37","3.5%","3","7.5%","373","2.4%","851","3.3%","61","2.4%","207","3.0%","123","2.0%","39","1.0%","16","2.1%","1,102","2.1%","73","1.5%","31","0.7%","36","1.0%","54","3.3%","2","6.3%","12","1.7%","68","3.7%","124","3.0%","24","4.0%","84","2.7%","36","3.5%","4","1.4%","20","1.3%","7","1.4%","11","2.1%"
"Female population 80 to 84 years","4","0.4%","8","0.4%","1,824","1.3%","1","0.1%","52","0.6%","6","1.5%","30","0.9%","16","1.3%","14","1.8%","13","0.6%","430","1.0%","22","2.1%","13","1.2%","0","0.0%","221","1.4%","435","1.7%","30","1.2%","98","1.4%","72","1.2%","26","0.7%","5","0.7%","615","1.2%","33","0.7%","30","0.7%","26","0.7%","29","1.8%","0","0.0%","12","1.7%","14","0.8%","96","2.3%","8","1.3%","54","1.8%","19","1.8%","8","2.8%","25","1.7%","3","0.6%","5","1.0%"
"Female population 85 years and over","2","0.2%","8","0.4%","1,726","1.2%","6","0.9%","65","0.8%","5","1.2%","32","1.0%","15","1.3%","5","0.6%","20","0.8%","458","1.0%","24","2.3%","16","1.5%","2","5.0%","176","1.1%","364","1.4%","23","0.9%","85","1.2%","52","0.9%","11","0.3%","5","0.7%","501","1.0%","30","0.6%","29","0.7%","34","0.9%","43","2.6%","0","0.0%","6","0.8%","18","1.0%","80","1.9%","7","1.2%","28","0.9%","29","2.8%","5","1.7%","21","1.4%","6","1.2%","5","1.0%"
"Selected Age Categories","","","","","","","","","","","","","","","","","","","","","","","","","","","","","","","","","","","","","","","","","","","","","","","","","","","","","","","","","","","","","","","","","","","","","","","","","",""
"16 years and over","924","88.1%","1,505","83.6%","113,836","79.4%","484","69.1%","5,559","67.6%","327","80.9%","2,641","79.0%","951","79.6%","624","80.8%","1,659","70.3%","34,632","77.5%","852","82.9%","834","78.3%","34","85.0%","12,832","80.9%","20,621","80.6%","2,095","82.2%","5,536","80.7%","4,778","78.2%","2,543","63.8%","528","70.4%","39,241","75.9%","3,286","69.0%","2,934","70.0%","2,506","67.6%","1,302","79.9%","25","78.1%","545","76.3%","1,470","79.0%","3,398","81.9%","494","81.9%","2,385","77.4%","846","82.1%","235","82.2%","1,159","77.1%","362","73.6%","381","74.3%"
"18 years and over","909","86.7%","1,473","81.8%","110,267","76.9%","470","67.1%","5,269","64.1%","312","77.2%","2,552","76.3%","916","76.7%","609","78.9%","1,584","67.1%","33,521","75.0%","841","81.8%","809","76.0%","34","85.0%","12,459","78.6%","19,978","78.1%","2,035","79.9%","5,363","78.1%","4,630","75.7%","2,373","59.5%","502","66.9%","37,755","73.0%","3,139","65.9%","2,791","66.6%","2,378","64.1%","1,268","77.8%","25","78.1%","529","74.1%","1,418","76.2%","3,302","79.6%","483","80.1%","2,307","74.8%","824","79.9%","225","78.7%","1,121","74.6%","351","71.3%","358","69.8%"
"21 years and over","881","84.0%","1,428","79.3%","104,727","73.1%","444","63.4%","4,856","59.1%","303","75.0%","2,449","73.3%","891","74.6%","592","76.7%","1,519","64.4%","31,777","71.1%","822","80.0%","776","72.9%","34","85.0%","11,932","75.3%","19,198","75.0%","1,971","77.4%","5,145","75.0%","4,433","72.5%","2,149","53.9%","481","64.1%","36,052","69.7%","2,934","61.6%","2,596","61.9%","2,214","59.7%","1,221","75.0%","22","68.8%","492","68.9%","1,379","74.1%","3,175","76.6%","468","77.6%","2,205","71.5%","796","77.2%","211","73.8%","1,072","71.3%","333","67.7%","335","65.3%"
"62 years and over","118","11.2%","181","10.1%","24,142","16.8%","78","11.1%","896","10.9%","83","20.5%","582","17.4%","280","23.4%","140","18.1%","330","14.0%","6,899","15.4%","297","28.9%","292","27.4%","18","45.0%","2,982","18.8%","6,396","25.0%","548","21.5%","1,469","21.4%","1,083","17.7%","355","8.9%","91","12.1%","9,053","17.5%","509","10.7%","376","9.0%","373","10.1%","433","26.6%","7","21.9%","134","18.8%","436","23.4%","926","22.3%","108","17.9%","661","21.4%","298","28.9%","61","21.3%","317","21.1%","88","17.9%","83","16.2%"
"65 years and over","87","8.3%","128","7.1%","18,899","13.2%","53","7.6%","695","8.5%","63","15.6%","433","13.0%","207","17.3%","106","13.7%","252","10.7%","5,388","12.1%","242","23.5%","225","21.1%","14","35.0%","2,355","14.9%","5,027","19.6%","401","15.7%","1,160","16.9%","831","13.6%","274","6.9%","68","9.1%","7,017","13.6%","376","7.9%","277","6.6%","277","7.5%","338","20.7%","7","21.9%","112","15.7%","325","17.5%","743","17.9%","87","14.4%","517","16.8%","227","22.0%","46","16.1%","222","14.8%","61","12.4%","65","12.7%"
"MEDIAN AGE BY SEX","","","","","","","","","","","","","","","","","","","","","","","","","","","","","","","","","","","","","","","","","","","","","","","","","","","","","","","","","","","","","","","","","","","","","","","","","",""
"Both sexes","40.8","(X)","38.7","(X)","35.2","(X)","30.2","(X)","27.3","(X)","41.4","(X)","37.7","(X)","44.6","(X)","43.0","(X)","31.3","(X)","32.6","(X)","48.6","(X)","47.4","(X)","47.5","(X)","38.5","(X)","42.5","(X)","40.6","(X)","39.9","(X)","35.2","(X)","23.7","(X)","32.1","(X)","36.3","(X)","29.8","(X)","33.4","(X)","28.0","(X)","42.1","(X)","50.3","(X)","35.2","(X)","43.8","(X)","40.1","(X)","40.7","(X)","39.6","(X)","48.5","(X)","44.8","(X)","38.4","(X)","35.5","(X)","38.8","(X)"
"Male","40.8","(X)","38.7","(X)","34.6","(X)","31.2","(X)","27.8","(X)","43.5","(X)","37.9","(X)","46.2","(X)","44.4","(X)","31.7","(X)","31.6","(X)","50.2","(X)","48.7","(X)","36.7","(X)","38.6","(X)","42.3","(X)","40.1","(X)","39.4","(X)","33.8","(X)","23.7","(X)","32.9","(X)","36.2","(X)","30.5","(X)","36.2","(X)","28.1","(X)","42.7","(X)","52.3","(X)","35.0","(X)","44.8","(X)","39.5","(X)","41.3","(X)","39.2","(X)","49.7","(X)","47.2","(X)","37.8","(X)","37.6","(X)","41.7","(X)"
"Female","40.7","(X)","38.8","(X)","35.9","(X)","29.3","(X)","26.7","(X)","40.2","(X)","37.6","(X)","42.2","(X)","40.1","(X)","30.8","(X)","33.7","(X)","46.6","(X)","46.3","(X)","58.5","(X)","38.4","(X)","42.8","(X)","41.2","(X)","40.2","(X)","37.0","(X)","23.7","(X)","31.0","(X)","36.5","(X)","28.9","(X)","29.1","(X)","27.9","(X)","41.4","(X)","42.5","(X)","35.4","(X)","42.3","(X)","40.7","(X)","40.1","(X)","39.9","(X)","46.8","(X)","41.0","(X)","38.8","(X)","33.9","(X)","34.8","(X)"
"RACE","","","","","","","","","","","","","","","","","","","","","","","","","","","","","","","","","","","","","","","","","","","","","","","","","","","","","","","","","","","","","","","","","","","","","","","","","",""
"Total population","3,420","100.0%","5,232","100.0%","291,247","100.0%","1,456","100.0%","17,210","100.0%","844","100.0%","7,102","100.0%","2,617","100.0%","1,619","100.0%","4,857","100.0%","95,655","100.0%","2,080","100.0%","2,278","100.0%","87","100.0%","32,255","100.0%","52,885","100.0%","5,914","100.0%","13,948","100.0%","13,101","100.0%","8,368","100.0%","1,476","100.0%","107,081","100.0%","10,046","100.0%","11,031","100.0%","7,793","100.0%","3,398","100.0%","71","100.0%","1,562","100.0%","4,120","100.0%","8,458","100.0%","1,240","100.0%","6,808","100.0%","2,127","100.0%","662","100.0%","3,186","100.0%","1,071","100.0%","1,086","100.0%"
"One Race","3,212","93.9%","4,858","92.9%","250,445","86.0%","1,328","91.2%","16,322","94.8%","701","83.1%","6,342","89.3%","2,335","89.2%","1,480","91.4%","4,361","89.8%","83,485","87.3%","1,838","88.4%","2,003","87.9%","78","89.7%","27,318","84.7%","47,459","89.7%","5,352","90.5%","12,246","87.8%","11,794","90.0%","8,176","97.7%","1,309","88.7%","94,782","88.5%","9,205","91.6%","10,072","91.3%","7,331","94.1%","2,962","87.2%","68","95.8%","1,357","86.9%","3,670","89.1%","7,261","85.8%","1,160","93.5%","6,216","91.3%","1,789","84.1%","544","82.2%","3,003","94.3%","970","90.6%","1,035","95.3%"
"One Race White","684","20.0%","1,667","31.9%","164,446","56.5%","174","12.0%","1,491","8.7%","370","43.8%","4,907","69.1%","1,611","61.6%","1,382","85.4%","799","16.5%","65,971","69.0%","1,589","76.4%","1,137","49.9%","10","11.5%","20,124","62.4%","41,950","79.3%","4,432","74.9%","8,430","60.4%","6,570","50.1%","173","2.1%","303","20.5%","83,035","77.5%","1,422","14.2%","3,082","27.9%","700","9.0%","2,470","72.7%","64","90.1%","152","9.7%","2,187","53.1%","5,174","61.2%","1,070","86.3%","5,085","74.7%","1,352","63.6%","249","37.6%","826","25.9%","185","17.3%","119","11.0%"
"One Race Black or African American","297","8.7%","259","5.0%","14,576","5.0%","3","0.2%","82","0.5%","6","0.7%","49","0.7%","8","0.3%","11","0.7%","25","0.5%","4,014","4.2%","2","0.1%","6","0.3%","0","0.0%","350","1.1%","263","0.5%","123","2.1%","103","0.7%","90","0.7%","16","0.2%","2","0.1%","1,121","1.0%","55","0.5%","162","1.5%","72","0.9%","49","1.4%","1","1.4%","4","0.3%","17","0.4%","37","0.4%","10","0.8%","74","1.1%","0","0.0%","4","0.6%","3","0.1%","4","0.4%","0","0.0%"
"One Race American Indian and Alaska Native","802","23.5%","728","13.9%","23,661","8.1%","1,142","78.4%","14,490","84.2%","305","36.1%","669","9.4%","663","25.3%","61","3.8%","3,453","71.1%","7,555","7.9%","214","10.3%","811","35.6%","67","77.0%","3,614","11.2%","3,666","6.9%","562","9.5%","2,334","16.7%","1,826","13.9%","7,946","95.0%","994","67.3%","6,844","6.4%","7,556","75.2%","5,748","52.1%","6,469","83.0%","247","7.3%","0","0.0%","1,195","76.5%","1,389","33.7%","1,248","14.8%","32","2.6%","817","12.0%","380","17.9%","255","38.5%","2,149","67.5%","768","71.7%","915","84.3%"
"One Race Asian","771","22.5%","1,513","28.9%","27,646","9.5%","7","0.5%","195","1.1%","5","0.6%","529","7.4%","17","0.6%","13","0.8%","48","1.0%","3,104","3.2%","14","0.7%","16","0.7%","0","0.0%","2,101","6.5%","694","1.3%","115","1.9%","1,129","8.1%","2,803","21.4%","23","0.3%","9","0.6%","1,559","1.5%","111","1.1%","641","5.8%","55","0.7%","123","3.6%","0","0.0%","0","0.0%","27","0.7%","573","6.8%","39","3.1%","87","1.3%","25","1.2%","32","4.8%","8","0.3%","0","0.0%","0","0.0%"
"One Race Native Hawaiian and Other Pacific Islander","32","0.9%","239","4.6%","10,001","3.4%","0","0.0%","2","0.0%","3","0.4%","62","0.9%","10","0.4%","5","0.3%","9","0.2%","604","0.6%","2","0.1%","5","0.2%","0","0.0%","476","1.5%","146","0.3%","36","0.6%","26","0.2%","117","0.9%","0","0.0%","1","0.1%","506","0.5%","5","0.0%","321","2.9%","12","0.2%","12","0.4%","0","0.0%","4","0.3%","26","0.6%","14","0.2%","0","0.0%","16","0.2%","2","0.1%","1","0.2%","0","0.0%","2","0.2%","1","0.1%"
"One Race Some Other Race","626","18.3%","452","8.6%","10,115","3.5%","2","0.1%","62","0.4%","12","1.4%","126","1.8%","26","1.0%","8","0.5%","27","0.6%","2,237","2.3%","17","0.8%","28","1.2%","1","1.1%","653","2.0%","740","1.4%","84","1.4%","224","1.6%","388","3.0%","18","0.2%","0","0.0%","1,717","1.6%","56","0.6%","118","1.1%","23","0.3%","61","1.8%","3","4.2%","2","0.1%","24","0.6%","215","2.5%","9","0.7%","137","2.0%","30","1.4%","3","0.5%","17","0.5%","11","1.0%","0","0.0%"
"Two or More Races","208","6.1%","374","7.1%","40,802","14.0%","128","8.8%","888","5.2%","143","16.9%","760","10.7%","282","10.8%","139","8.6%","496","10.2%","12,170","12.7%","242","11.6%","275","12.1%","9","10.3%","4,937","15.3%","5,426","10.3%","562","9.5%","1,702","12.2%","1,307","10.0%","192","2.3%","167","11.3%","12,299","11.5%","841","8.4%","959","8.7%","462","5.9%","436","12.8%","3","4.2%","205","13.1%","450","10.9%","1,197","14.2%","80","6.5%","592","8.7%","338","15.9%","118","17.8%","183","5.7%","101","9.4%","51","4.7%"
"TOTAL RACES TALLIED [1]","","","","","","","","","","","","","","","","","","","","","","","","","","","","","","","","","","","","","","","","","","","","","","","","","","","","","","","","","","","","","","","","","","","","","","","","","",""
"Total races tallied","3,683","107.7%","5,647","107.9%","336,654","115.6%","1,599","109.8%","18,149","105.5%","1,011","119.8%","7,918","111.5%","2,947","112.6%","1,776","109.7%","5,417","111.5%","108,973","113.9%","2,348","112.9%","2,603","114.3%","96","110.3%","37,924","117.6%","58,642","110.9%","6,542","110.6%","15,798","113.3%","14,531","110.9%","8,591","102.7%","1,672","113.3%","120,340","112.4%","10,989","109.4%","12,087","109.6%","8,313","106.7%","3,918","115.3%","78","109.9%","1,790","114.6%","4,629","112.4%","9,754","115.3%","1,333","107.5%","7,457","109.5%","2,538","119.3%","808","122.1%","3,390","106.4%","1,184","110.6%","1,144","105.3%"
"White alone or in combination with one or more other races","860","25.1%","1,979","37.8%","200,463","68.8%","295","20.3%","2,251","13.1%","493","58.4%","5,636","79.4%","1,868","71.4%","1,511","93.3%","1,220","25.1%","77,349","80.9%","1,812","87.1%","1,372","60.2%","18","20.7%","24,572","76.2%","47,184","89.2%","4,951","83.7%","10,012","71.8%","7,758","59.2%","321","3.8%","428","29.0%","94,737","88.5%","2,193","21.8%","3,858","35.0%","1,090","14.0%","2,870","84.5%","66","93.0%","328","21.0%","2,587","62.8%","6,259","74.0%","1,138","91.8%","5,630","82.7%","1,673","78.7%","355","53.6%","946","29.7%","275","25.7%","167","15.4%"
"Black or African American alone or in combination with one or more other races","328","9.6%","315","6.0%","22,478","7.7%","12","0.8%","178","1.0%","27","3.2%","113","1.6%","38","1.5%","20","1.2%","96","2.0%","6,087","6.4%","16","0.8%","57","2.5%","1","1.1%","798","2.5%","660","1.2%","196","3.3%","255","1.8%","197","1.5%","54","0.6%","27","1.8%","2,475","2.3%","117","1.2%","251","2.3%","134","1.7%","92","2.7%","2","2.8%","33","2.1%","51","1.2%","115","1.4%","23","1.9%","127","1.9%","27","1.3%","13","2.0%","22","0.7%","14","1.3%","5","0.5%"
"American Indian and Alaska Native alone or in combination with one or more other races","961","28.1%","896","17.1%","43,020","14.8%","1,248","85.7%","15,268","88.7%","410","48.6%","1,101","15.5%","896","34.2%","137","8.5%","3,882","79.9%","13,527","14.1%","373","17.9%","1,029","45.2%","75","86.2%","6,795","21.1%","6,971","13.2%","887","15.0%","3,441","24.7%","2,517","19.2%","8,111","96.9%","1,133","76.8%","14,052","13.1%","8,295","82.6%","6,372","57.8%","6,868","88.1%","483","14.2%","3","4.2%","1,373","87.9%","1,773","43.0%","2,062","24.4%","72","5.8%","1,133","16.6%","650","30.6%","347","52.4%","2,307","72.4%","860","80.3%","959","88.3%"
"Asian alone or in combination with one or more other races","819","23.9%","1,623","31.0%","36,834","12.6%","15","1.0%","289","1.7%","31","3.7%","672","9.5%","59","2.3%","50","3.1%","113","2.3%","5,206","5.4%","48","2.3%","66","2.9%","0","0.0%","3,332","10.3%","1,358","2.6%","220","3.7%","1,438","10.3%","3,094","23.6%","46","0.5%","37","2.5%","3,463","3.2%","220","2.2%","776","7.0%","113","1.5%","209","6.2%","2","2.8%","13","0.8%","87","2.1%","799","9.4%","60","4.8%","187","2.7%","71","3.3%","60","9.1%","34","1.1%","8","0.7%","8","0.7%"
"Native Hawaiian and Other Pacific Islander alone or in combination with one or more other races","54","1.6%","282","5.4%","13,350","4.6%","6","0.4%","36","0.2%","23","2.7%","90","1.3%","31","1.2%","15","0.9%","34","0.7%","1,089","1.1%","19","0.9%","14","0.6%","0","0.0%","739","2.3%","389","0.7%","65","1.1%","105","0.8%","206","1.6%","24","0.3%","19","1.3%","1,201","1.1%","37","0.4%","455","4.1%","36","0.5%","58","1.7%","1","1.4%","19","1.2%","51","1.2%","67","0.8%","10","0.8%","75","1.1%","31","1.5%","14","2.1%","10","0.3%","10","0.9%","3","0.3%"
"Some Other Race alone or in combination with one or more other races","661","19.3%","552","10.6%","20,509","7.0%","23","1.6%","127","0.7%","27","3.2%","306","4.3%","55","2.1%","43","2.7%","72","1.5%","5,715","6.0%","80","3.8%","65","2.9%","2","2.3%","1,688","5.2%","2,080","3.9%","223","3.8%","547","3.9%","759","5.8%","35","0.4%","28","1.9%","4,412","4.1%","127","1.3%","375","3.4%","72","0.9%","206","6.1%","4","5.6%","24","1.5%","80","1.9%","452","5.3%","30","2.4%","305","4.5%","86","4.0%","19","2.9%","71","2.2%","17","1.6%","2","0.2%"
"HISPANIC OR LATINO","","","","","","","","","","","","","","","","","","","","","","","","","","","","","","","","","","","","","","","","","","","","","","","","","","","","","","","","","","","","","","","","","","","","","","","","","",""
"Total population","3,420","100.0%","5,232","100.0%","291,247","100.0%","1,456","100.0%","17,210","100.0%","844","100.0%","7,102","100.0%","2,617","100.0%","1,619","100.0%","4,857","100.0%","95,655","100.0%","2,080","100.0%","2,278","100.0%","87","100.0%","32,255","100.0%","52,885","100.0%","5,914","100.0%","13,948","100.0%","13,101","100.0%","8,368","100.0%","1,476","100.0%","107,081","100.0%","10,046","100.0%","11,031","100.0%","7,793","100.0%","3,398","100.0%","71","100.0%","1,562","100.0%","4,120","100.0%","8,458","100.0%","1,240","100.0%","6,808","100.0%","2,127","100.0%","662","100.0%","3,186","100.0%","1,071","100.0%","1,086","100.0%"
"Hispanic or Latino (of any race)","674","19.7%","668","12.8%","26,438","9.1%","31","2.1%","176","1.0%","45","5.3%","397","5.6%","84","3.2%","32","2.0%","146","3.0%","7,320","7.7%","67","3.2%","119","5.2%","1","1.1%","2,077","6.4%","2,062","3.9%","266","4.5%","650","4.7%","1,024","7.8%","14","0.2%","34","2.3%","5,244","4.9%","186","1.9%","548","5.0%","102","1.3%","164","4.8%","2","2.8%","46","2.9%","112","2.7%","501","5.9%","41","3.3%","376","5.5%","76","3.6%","29","4.4%","36","1.1%","28","2.6%","8","0.7%"
"Not Hispanic or Latino","2,746","80.3%","4,564","87.2%","264,809","90.9%","1,425","97.9%","17,034","99.0%","799","94.7%","6,705","94.4%","2,533","96.8%","1,587","98.0%","4,711","97.0%","88,335","92.3%","2,013","96.8%","2,159","94.8%","86","98.9%","30,178","93.6%","50,823","96.1%","5,648","95.5%","13,298","95.3%","12,077","92.2%","8,354","99.8%","1,442","97.7%","101,837","95.1%","9,860","98.1%","10,483","95.0%","7,691","98.7%","3,234","95.2%","69","97.2%","1,516","97.1%","4,008","97.3%","7,957","94.1%","1,199","96.7%","6,432","94.5%","2,051","96.4%","633","95.6%","3,150","98.9%","1,043","97.4%","1,078","99.3%"
"HISPANIC OR LATINO BY RACE","","","","","","","","","","","","","","","","","","","","","","","","","","","","","","","","","","","","","","","","","","","","","","","","","","","","","","","","","","","","","","","","","","","","","","","","","",""
"Total population","3,420","100.0%","5,232","100.0%","291,247","100.0%","1,456","100.0%","17,210","100.0%","844","100.0%","7,102","100.0%","2,617","100.0%","1,619","100.0%","4,857","100.0%","95,655","100.0%","2,080","100.0%","2,278","100.0%","87","100.0%","32,255","100.0%","52,885","100.0%","5,914","100.0%","13,948","100.0%","13,101","100.0%","8,368","100.0%","1,476","100.0%","107,081","100.0%","10,046","100.0%","11,031","100.0%","7,793","100.0%","3,398","100.0%","71","100.0%","1,562","100.0%","4,120","100.0%","8,458","100.0%","1,240","100.0%","6,808","100.0%","2,127","100.0%","662","100.0%","3,186","100.0%","1,071","100.0%","1,086","100.0%"
"Hispanic or Latino","674","19.7%","668","12.8%","26,438","9.1%","31","2.1%","176","1.0%","45","5.3%","397","5.6%","84","3.2%","32","2.0%","146","3.0%","7,320","7.7%","67","3.2%","119","5.2%","1","1.1%","2,077","6.4%","2,062","3.9%","266","4.5%","650","4.7%","1,024","7.8%","14","0.2%","34","2.3%","5,244","4.9%","186","1.9%","548","5.0%","102","1.3%","164","4.8%","2","2.8%","46","2.9%","112","2.7%","501","5.9%","41","3.3%","376","5.5%","76","3.6%","29","4.4%","36","1.1%","28","2.6%","8","0.7%"
"Hispanic or Latino White alone","26","0.8%","82","1.6%","6,214","2.1%","4","0.3%","33","0.2%","13","1.5%","139","2.0%","20","0.8%","4","0.2%","29","0.6%","2,793","2.9%","12","0.6%","24","1.1%","0","0.0%","451","1.4%","758","1.4%","78","1.3%","209","1.5%","279","2.1%","0","0.0%","6","0.4%","1,985","1.9%","29","0.3%","118","1.1%","16","0.2%","26","0.8%","1","1.4%","1","0.1%","33","0.8%","124","1.5%","14","1.1%","92","1.4%","11","0.5%","1","0.2%","2","0.1%","4","0.4%","3","0.3%"
"Hispanic or Latino Black or African American alone","0","0.0%","2","0.0%","799","0.3%","0","0.0%","1","0.0%","0","0.0%","3","0.0%","2","0.1%","2","0.1%","6","0.1%","210","0.2%","0","0.0%","0","0.0%","0","0.0%","22","0.1%","18","0.0%","7","0.1%","3","0.0%","5","0.0%","0","0.0%","1","0.1%","62","0.1%","3","0.0%","3","0.0%","1","0.0%","3","0.1%","0","0.0%","0","0.0%","1","0.0%","0","0.0%","4","0.3%","6","0.1%","0","0.0%","2","0.3%","1","0.0%","0","0.0%","0","0.0%"
"Hispanic or Latino American Indian and Alaska Native alone","5","0.1%","19","0.4%","1,181","0.4%","7","0.5%","45","0.3%","9","1.1%","12","0.2%","18","0.7%","2","0.1%","41","0.8%","256","0.3%","9","0.4%","37","1.6%","0","0.0%","217","0.7%","100","0.2%","21","0.4%","70","0.5%","67","0.5%","0","0.0%","1","0.1%","313","0.3%","48","0.5%","68","0.6%","16","0.2%","16","0.5%","0","0.0%","34","2.2%","21","0.5%","42","0.5%","9","0.7%","22","0.3%","12","0.6%","5","0.8%","8","0.3%","6","0.6%","0","0.0%"
"Hispanic or Latino Asian alone","0","0.0%","11","0.2%","365","0.1%","0","0.0%","1","0.0%","0","0.0%","2","0.0%","0","0.0%","0","0.0%","3","0.1%","73","0.1%","0","0.0%","1","0.0%","0","0.0%","15","0.0%","15","0.0%","1","0.0%","11","0.1%","22","0.2%","0","0.0%","2","0.1%","44","0.0%","2","0.0%","5","0.0%","2","0.0%","6","0.2%","0","0.0%","0","0.0%","2","0.0%","0","0.0%","0","0.0%","0","0.0%","0","0.0%","0","0.0%","0","0.0%","0","0.0%","0","0.0%"
"Hispanic or Latino Native Hawaiian and Other Pacific Islander alone","0","0.0%","1","0.0%","157","0.1%","0","0.0%","0","0.0%","0","0.0%","1","0.0%","0","0.0%","2","0.1%","0","0.0%","20","0.0%","0","0.0%","1","0.0%","0","0.0%","7","0.0%","0","0.0%","9","0.2%","0","0.0%","10","0.1%","0","0.0%","1","0.1%","30","0.0%","0","0.0%","0","0.0%","1","0.0%","0","0.0%","0","0.0%","0","0.0%","0","0.0%","0","0.0%","0","0.0%","3","0.0%","0","0.0%","0","0.0%","0","0.0%","0","0.0%","0","0.0%"
"Hispanic or Latino Some Other Race alone","615","18.0%","442","8.4%","8,193","2.8%","1","0.1%","44","0.3%","10","1.2%","100","1.4%","11","0.4%","4","0.2%","20","0.4%","1,425","1.5%","8","0.4%","12","0.5%","1","1.1%","470","1.5%","384","0.7%","68","1.1%","131","0.9%","314","2.4%","4","0.0%","0","0.0%","932","0.9%","31","0.3%","88","0.8%","23","0.3%","40","1.2%","0","0.0%","2","0.1%","11","0.3%","162","1.9%","3","0.2%","114","1.7%","19","0.9%","3","0.5%","3","0.1%","9","0.8%","0","0.0%"
"Hispanic or Latino Two or More Races","28","0.8%","111","2.1%","9,529","3.3%","19","1.3%","52","0.3%","13","1.5%","140","2.0%","33","1.3%","18","1.1%","47","1.0%","2,543","2.7%","38","1.8%","44","1.9%","0","0.0%","895","2.8%","787","1.5%","82","1.4%","226","1.6%","327","2.5%","10","0.1%","23","1.6%","1,878","1.8%","73","0.7%","266","2.4%","43","0.6%","73","2.1%","1","1.4%","9","0.6%","44","1.1%","173","2.0%","11","0.9%","139","2.0%","34","1.6%","18","2.7%","22","0.7%","9","0.8%","5","0.5%"
"Not Hispanic or Latino","2,746","80.3%","4,564","87.2%","264,809","90.9%","1,425","97.9%","17,034","99.0%","799","94.7%","6,705","94.4%","2,533","96.8%","1,587","98.0%","4,711","97.0%","88,335","92.3%","2,013","96.8%","2,159","94.8%","86","98.9%","30,178","93.6%","50,823","96.1%","5,648","95.5%","13,298","95.3%","12,077","92.2%","8,354","99.8%","1,442","97.7%","101,837","95.1%","9,860","98.1%","10,483","95.0%","7,691","98.7%","3,234","95.2%","69","97.2%","1,516","97.1%","4,008","97.3%","7,957","94.1%","1,199","96.7%","6,432","94.5%","2,051","96.4%","633","95.6%","3,150","98.9%","1,043","97.4%","1,078","99.3%"
"Not Hispanic or Latino White alone","658","19.2%","1,585","30.3%","158,232","54.3%","170","11.7%","1,458","8.5%","357","42.3%","4,768","67.1%","1,591","60.8%","1,378","85.1%","770","15.9%","63,178","66.0%","1,577","75.8%","1,113","48.9%","10","11.5%","19,673","61.0%","41,192","77.9%","4,354","73.6%","8,221","58.9%","6,291","48.0%","173","2.1%","297","20.1%","81,050","75.7%","1,393","13.9%","2,964","26.9%","684","8.8%","2,444","71.9%","63","88.7%","151","9.7%","2,154","52.3%","5,050","59.7%","1,056","85.2%","4,993","73.3%","1,341","63.0%","248","37.5%","824","25.9%","181","16.9%","116","10.7%"
"Not Hispanic or Latino Black or African American alone","297","8.7%","257","4.9%","13,777","4.7%","3","0.2%","81","0.5%","6","0.7%","46","0.6%","6","0.2%","9","0.6%","19","0.4%","3,804","4.0%","2","0.1%","6","0.3%","0","0.0%","328","1.0%","245","0.5%","116","2.0%","100","0.7%","85","0.6%","16","0.2%","1","0.1%","1,059","1.0%","52","0.5%","159","1.4%","71","0.9%","46","1.4%","1","1.4%","4","0.3%","16","0.4%","37","0.4%","6","0.5%","68","1.0%","0","0.0%","2","0.3%","2","0.1%","4","0.4%","0","0.0%"
"Not Hispanic or Latino American Indian and Alaska Native alone","797","23.3%","709","13.6%","22,480","7.7%","1,135","78.0%","14,445","83.9%","296","35.1%","657","9.3%","645","24.6%","59","3.6%","3,412","70.2%","7,299","7.6%","205","9.9%","774","34.0%","67","77.0%","3,397","10.5%","3,566","6.7%","541","9.1%","2,264","16.2%","1,759","13.4%","7,946","95.0%","993","67.3%","6,531","6.1%","7,508","74.7%","5,680","51.5%","6,453","82.8%","231","6.8%","0","0.0%","1,161","74.3%","1,368","33.2%","1,206","14.3%","23","1.9%","795","11.7%","368","17.3%","250","37.8%","2,141","67.2%","762","71.1%","915","84.3%"
"Not Hispanic or Latino Asian alone","771","22.5%","1,502","28.7%","27,281","9.4%","7","0.5%","194","1.1%","5","0.6%","527","7.4%","17","0.6%","13","0.8%","45","0.9%","3,031","3.2%","14","0.7%","15","0.7%","0","0.0%","2,086","6.5%","679","1.3%","114","1.9%","1,118","8.0%","2,781","21.2%","23","0.3%","7","0.5%","1,515","1.4%","109","1.1%","636","5.8%","53","0.7%","117","3.4%","0","0.0%","0","0.0%","25","0.6%","573","6.8%","39","3.1%","87","1.3%","25","1.2%","32","4.8%","8","0.3%","0","0.0%","0","0.0%"
"Not Hispanic or Latino Native Hawaiian and Other Pacific Islander alone","32","0.9%","238","4.5%","9,844","3.4%","0","0.0%","2","0.0%","3","0.4%","61","0.9%","10","0.4%","3","0.2%","9","0.2%","584","0.6%","2","0.1%","4","0.2%","0","0.0%","469","1.5%","146","0.3%","27","0.5%","26","0.2%","107","0.8%","0","0.0%","0","0.0%","476","0.4%","5","0.0%","321","2.9%","11","0.1%","12","0.4%","0","0.0%","4","0.3%","26","0.6%","14","0.2%","0","0.0%","13","0.2%","2","0.1%","1","0.2%","0","0.0%","2","0.2%","1","0.1%"
"Not Hispanic or Latino Some Other Race alone","11","0.3%","10","0.2%","1,922","0.7%","1","0.1%","18","0.1%","2","0.2%","26","0.4%","15","0.6%","4","0.2%","7","0.1%","812","0.8%","9","0.4%","16","0.7%","0","0.0%","183","0.6%","356","0.7%","16","0.3%","93","0.7%","74","0.6%","14","0.2%","0","0.0%","785","0.7%","25","0.2%","30","0.3%","0","0.0%","21","0.6%","3","4.2%","0","0.0%","13","0.3%","53","0.6%","6","0.5%","23","0.3%","11","0.5%","0","0.0%","14","0.4%","2","0.2%","0","0.0%"
"Not Hispanic or Latino Two or More Races","180","5.3%","263","5.0%","31,273","10.7%","109","7.5%","836","4.9%","130","15.4%","620","8.7%","249","9.5%","121","7.5%","449","9.2%","9,627","10.1%","204","9.8%","231","10.1%","9","10.3%","4,042","12.5%","4,639","8.8%","480","8.1%","1,476","10.6%","980","7.5%","182","2.2%","144","9.8%","10,421","9.7%","768","7.6%","693","6.3%","419","5.4%","363","10.7%","2","2.8%","196","12.5%","406","9.9%","1,024","12.1%","69","5.6%","453","6.7%","304","14.3%","100","15.1%","161","5.1%","92","8.6%","46","4.2%"
"RELATIONSHIP","","","","","","","","","","","","","","","","","","","","","","","","","","","","","","","","","","","","","","","","","","","","","","","","","","","","","","","","","","","","","","","","","","","","","","","","","",""
"Total population","3,420","100.0%","5,232","100.0%","291,247","100.0%","1,456","100.0%","17,210","100.0%","844","100.0%","7,102","100.0%","2,617","100.0%","1,619","100.0%","4,857","100.0%","95,655","100.0%","2,080","100.0%","2,278","100.0%","87","100.0%","32,255","100.0%","52,885","100.0%","5,914","100.0%","13,948","100.0%","13,101","100.0%","8,368","100.0%","1,476","100.0%","107,081","100.0%","10,046","100.0%","11,031","100.0%","7,793","100.0%","3,398","100.0%","71","100.0%","1,562","100.0%","4,120","100.0%","8,458","100.0%","1,240","100.0%","6,808","100.0%","2,127","100.0%","662","100.0%","3,186","100.0%","1,071","100.0%","1,086","100.0%"
"In households","1,220","35.7%","2,329","44.5%","282,198","96.9%","1,370","94.1%","16,841","97.9%","808","95.7%","6,819","96.0%","2,589","98.9%","1,597","98.6%","4,781","98.4%","91,670","95.8%","2,048","98.5%","2,255","99.0%","87","100.0%","31,298","97.0%","51,828","98.0%","5,002","84.6%","13,605","97.5%","12,597","96.2%","8,348","99.8%","1,455","98.6%","104,709","97.8%","9,801","97.6%","7,898","71.6%","7,583","97.3%","3,211","94.5%","71","100.0%","1,554","99.5%","4,091","99.3%","8,084","95.6%","1,205","97.2%","6,196","91.0%","2,106","99.0%","623","94.1%","3,081","96.7%","1,071","100.0%","1,071","98.6%"
"Householder","493","14.4%","924","17.7%","109,351","37.5%","428","29.4%","4,476","26.0%","354","41.9%","2,792","39.3%","1,152","44.0%","742","45.8%","1,579","32.5%","36,539","38.2%","950","45.7%","951","41.7%","37","42.5%","12,935","40.1%","21,636","40.9%","2,230","37.7%","5,471","39.2%","4,626","35.3%","1,943","23.2%","547","37.1%","38,379","35.8%","3,035","30.2%","2,217","20.1%","2,013","25.8%","1,368","40.3%","32","45.1%","564","36.1%","1,730","42.0%","3,406","40.3%","531","42.8%","2,462","36.2%","933","43.9%","268","40.5%","1,259","39.5%","420","39.2%","502","46.2%"
"Opposite-sex spouse","180","5.3%","370","7.1%","49,571","17.0%","139","9.5%","1,851","10.8%","152","18.0%","1,289","18.1%","469","17.9%","344","21.2%","581","12.0%","17,269","18.1%","393","18.9%","411","18.0%","15","17.2%","5,745","17.8%","10,709","20.2%","988","16.7%","2,407","17.3%","2,238","17.1%","662","7.9%","208","14.1%","20,600","19.2%","1,008","10.0%","749","6.8%","697","8.9%","657","19.3%","13","18.3%","228","14.6%","724","17.6%","1,480","17.5%","229","18.5%","1,202","17.7%","395","18.6%","95","14.4%","424","13.3%","114","10.6%","103","9.5%"
"Same-sex spouse","0","0.0%","1","0.0%","640","0.2%","0","0.0%","2","0.0%","1","0.1%","4","0.1%","4","0.2%","0","0.0%","1","0.0%","204","0.2%","1","0.0%","3","0.1%","0","0.0%","77","0.2%","58","0.1%","11","0.2%","23","0.2%","11","0.1%","1","0.0%","6","0.4%","115","0.1%","25","0.2%","12","0.1%","12","0.2%","1","0.0%","0","0.0%","0","0.0%","6","0.1%","8","0.1%","4","0.3%","11","0.2%","6","0.3%","2","0.3%","7","0.2%","2","0.2%","0","0.0%"
"Opposite-sex unmarried partner","65","1.9%","100","1.9%","8,730","3.0%","65","4.5%","464","2.7%","29","3.4%","248","3.5%","81","3.1%","47","2.9%","176","3.6%","2,606","2.7%","94","4.5%","82","3.6%","0","0.0%","1,158","3.6%","1,513","2.9%","183","3.1%","533","3.8%","336","2.6%","302","3.6%","52","3.5%","2,837","2.6%","413","4.1%","274","2.5%","276","3.5%","112","3.3%","0","0.0%","60","3.8%","176","4.3%","300","3.5%","50","4.0%","179","2.6%","85","4.0%","21","3.2%","145","4.6%","82","7.7%","59","5.4%"
"Same-sex unmarried partner","3","0.1%","0","0.0%","443","0.2%","4","0.3%","7","0.0%","1","0.1%","8","0.1%","2","0.1%","5","0.3%","4","0.1%","89","0.1%","5","0.2%","5","0.2%","0","0.0%","44","0.1%","42","0.1%","5","0.1%","7","0.1%","1","0.0%","10","0.1%","1","0.1%","83","0.1%","11","0.1%","5","0.0%","13","0.2%","7","0.2%","0","0.0%","2","0.1%","8","0.2%","2","0.0%","3","0.2%","1","0.0%","1","0.0%","0","0.0%","2","0.1%","1","0.1%","2","0.2%"
"Child [2]","356","10.4%","696","13.3%","82,460","28.3%","520","35.7%","6,713","39.0%","176","20.9%","1,905","26.8%","657","25.1%","362","22.4%","1,684","34.7%","26,459","27.7%","462","22.2%","569","25.0%","22","25.3%","8,327","25.8%","13,901","26.3%","1,194","20.2%","3,720","26.7%","3,810","29.1%","3,563","42.6%","472","32.0%","33,490","31.3%","3,627","36.1%","3,055","27.7%","2,991","38.4%","825","24.3%","20","28.2%","517","33.1%","1,026","24.9%","2,147","25.4%","291","23.5%","1,807","26.5%","522","24.5%","158","23.9%","925","29.0%","329","30.7%","294","27.1%"
"Under 18 years","252","7.4%","534","10.2%","60,259","20.7%","357","24.5%","4,320","25.1%","132","15.6%","1,442","20.3%","476","18.2%","292","18.0%","1,157","23.8%","20,731","21.7%","328","15.8%","391","17.2%","11","12.6%","6,035","18.7%","10,546","19.9%","914","15.5%","2,616","18.8%","2,801","21.4%","2,272","27.2%","359","24.3%","25,941","24.2%","2,443","24.3%","2,079","18.8%","1,957","25.1%","597","17.6%","10","14.1%","358","22.9%","744","18.1%","1,487","17.6%","224","18.1%","1,387","20.4%","363","17.1%","102","15.4%","682","21.4%","227","21.2%","228","21.0%"
"Grandchild","35","1.0%","50","1.0%","5,478","1.9%","82","5.6%","1,614","9.4%","26","3.1%","110","1.5%","77","2.9%","19","1.2%","318","6.5%","1,369","1.4%","22","1.1%","85","3.7%","5","5.7%","509","1.6%","900","1.7%","68","1.1%","299","2.1%","255","1.9%","1,031","12.3%","57","3.9%","2,145","2.0%","739","7.4%","605","5.5%","744","9.5%","55","1.6%","2","2.8%","76","4.9%","131","3.2%","148","1.7%","10","0.8%","143","2.1%","35","1.6%","17","2.6%","125","3.9%","59","5.5%","48","4.4%"
"Grandchild Under 18 years","27","0.8%","36","0.7%","4,349","1.5%","73","5.0%","1,337","7.8%","13","1.5%","84","1.2%","61","2.3%","12","0.7%","257","5.3%","1,093","1.1%","12","0.6%","78","3.4%","5","5.7%","386","1.2%","686","1.3%","44","0.7%","221","1.6%","184","1.4%","883","10.6%","46","3.1%","1,723","1.6%","612","6.1%","485","4.4%","644","8.3%","45","1.3%","1","1.4%","57","3.6%","95","2.3%","110","1.3%","5","0.4%","101","1.5%","27","1.3%","14","2.1%","98","3.1%","53","4.9%","39","3.6%"
"Other relatives","48","1.4%","116","2.2%","13,324","4.6%","90","6.2%","1,139","6.6%","25","3.0%","200","2.8%","84","3.2%","35","2.2%","316","6.5%","2,836","3.0%","63","3.0%","84","3.7%","7","8.0%","1,054","3.3%","1,503","2.8%","123","2.1%","575","4.1%","695","5.3%","586","7.0%","83","5.6%","3,371","3.1%","624","6.2%","680","6.2%","536","6.9%","83","2.4%","4","5.6%","73","4.7%","174","4.2%","252","3.0%","29","2.3%","267","3.9%","75","3.5%","34","5.1%","113","3.5%","37","3.5%","43","4.0%"
"Nonrelatives","40","1.2%","72","1.4%","12,201","4.2%","42","2.9%","575","3.3%","44","5.2%","263","3.7%","63","2.4%","43","2.7%","122","2.5%","4,299","4.5%","58","2.8%","65","2.9%","1","1.1%","1,449","4.5%","1,566","3.0%","200","3.4%","570","4.1%","625","4.8%","250","3.0%","29","2.0%","3,689","3.4%","319","3.2%","301","2.7%","301","3.9%","103","3.0%","0","0.0%","34","2.2%","116","2.8%","341","4.0%","58","4.7%","124","1.8%","54","2.5%","28","4.2%","81","2.5%","27","2.5%","20","1.8%"
"In group quarters","2,200","64.3%","2,903","55.5%","9,049","3.1%","86","5.9%","369","2.1%","36","4.3%","283","4.0%","28","1.1%","22","1.4%","76","1.6%","3,985","4.2%","32","1.5%","23","1.0%","0","0.0%","957","3.0%","1,057","2.0%","912","15.4%","343","2.5%","504","3.8%","20","0.2%","21","1.4%","2,372","2.2%","245","2.4%","3,133","28.4%","210","2.7%","187","5.5%","0","0.0%","8","0.5%","29","0.7%","374","4.4%","35","2.8%","612","9.0%","21","1.0%","39","5.9%","105","3.3%","0","0.0%","15","1.4%"
"Institutionalized population:","0","0.0%","0","0.0%","2,345","0.8%","0","0.0%","243","1.4%","0","0.0%","40","0.6%","0","0.0%","0","0.0%","16","0.3%","719","0.8%","8","0.4%","0","0.0%","0","0.0%","415","1.3%","542","1.0%","545","9.2%","99","0.7%","74","0.6%","0","0.0%","0","0.0%","1,804","1.7%","142","1.4%","19","0.2%","28","0.4%","22","0.6%","0","0.0%","0","0.0%","5","0.1%","95","1.1%","0","0.0%","0","0.0%","15","0.7%","0","0.0%","1","0.0%","0","0.0%","0","0.0%"
"Institutionalized population Male","0","0.0%","0","0.0%","1,445","0.5%","0","0.0%","225","1.3%","0","0.0%","16","0.2%","0","0.0%","0","0.0%","13","0.3%","419","0.4%","4","0.2%","0","0.0%","0","0.0%","305","0.9%","481","0.9%","532","9.0%","61","0.4%","45","0.3%","0","0.0%","0","0.0%","1,690","1.6%","130","1.3%","15","0.1%","18","0.2%","13","0.4%","0","0.0%","0","0.0%","3","0.1%","40","0.5%","0","0.0%","0","0.0%","7","0.3%","0","0.0%","0","0.0%","0","0.0%","0","0.0%"
"Institutionalized population Female","0","0.0%","0","0.0%","900","0.3%","0","0.0%","18","0.1%","0","0.0%","24","0.3%","0","0.0%","0","0.0%","3","0.1%","300","0.3%","4","0.2%","0","0.0%","0","0.0%","110","0.3%","61","0.1%","13","0.2%","38","0.3%","29","0.2%","0","0.0%","0","0.0%","114","0.1%","12","0.1%","4","0.0%","10","0.1%","9","0.3%","0","0.0%","0","0.0%","2","0.0%","55","0.7%","0","0.0%","0","0.0%","8","0.4%","0","0.0%","1","0.0%","0","0.0%","0","0.0%"
"Noninstitutionalized population:","2,200","64.3%","2,903","55.5%","6,704","2.3%","86","5.9%","126","0.7%","36","4.3%","243","3.4%","28","1.1%","22","1.4%","60","1.2%","3,266","3.4%","24","1.2%","23","1.0%","0","0.0%","542","1.7%","515","1.0%","367","6.2%","244","1.7%","430","3.3%","20","0.2%","21","1.4%","568","0.5%","103","1.0%","3,114","28.2%","182","2.3%","165","4.9%","0","0.0%","8","0.5%","24","0.6%","279","3.3%","35","2.8%","612","9.0%","6","0.3%","39","5.9%","104","3.3%","0","0.0%","15","1.4%"
"Noninstitutionalized population Male","1,711","50.0%","2,209","42.2%","4,915","1.7%","51","3.5%","68","0.4%","16","1.9%","162","2.3%","21","0.8%","12","0.7%","31","0.6%","2,606","2.7%","16","0.8%","15","0.7%","0","0.0%","325","1.0%","319","0.6%","263","4.4%","158","1.1%","360","2.7%","12","0.1%","7","0.5%","294","0.3%","61","0.6%","2,767","25.1%","93","1.2%","101","3.0%","0","0.0%","5","0.3%","17","0.4%","204","2.4%","22","1.8%","483","7.1%","6","0.3%","29","4.4%","75","2.4%","0","0.0%","8","0.7%"
"Noninstitutionalized population Female","489","14.3%","694","13.3%","1,789","0.6%","35","2.4%","58","0.3%","20","2.4%","81","1.1%","7","0.3%","10","0.6%","29","0.6%","660","0.7%","8","0.4%","8","0.4%","0","0.0%","217","0.7%","196","0.4%","104","1.8%","86","0.6%","70","0.5%","8","0.1%","14","0.9%","274","0.3%","42","0.4%","347","3.1%","89","1.1%","64","1.9%","0","0.0%","3","0.2%","7","0.2%","75","0.9%","13","1.0%","129","1.9%","0","0.0%","10","1.5%","29","0.9%","0","0.0%","7","0.6%"
"HOUSEHOLDS BY TYPE","","","","","","","","","","","","","","","","","","","","","","","","","","","","","","","","","","","","","","","","","","","","","","","","","","","","","","","","","","","","","","","","","","","","","","","","","",""
"Total households","483","100.0%","902","100.0%","109,343","100.0%","436","100.0%","4,461","100.0%","357","100.0%","2,788","100.0%","1,134","100.0%","748","100.0%","1,558","100.0%","36,521","100.0%","966","100.0%","935","100.0%","44","100.0%","12,940","100.0%","21,639","100.0%","2,234","100.0%","5,479","100.0%","4,612","100.0%","1,943","100.0%","543","100.0%","38,380","100.0%","3,030","100.0%","2,190","100.0%","2,014","100.0%","1,367","100.0%","31","100.0%","560","100.0%","1,721","100.0%","3,421","100.0%","531","100.0%","2,445","100.0%","933","100.0%","265","100.0%","1,267","100.0%","424","100.0%","503","100.0%"
"Married couple household","174","36.0%","356","39.5%","50,204","45.9%","145","33.3%","1,853","41.5%","150","42.0%","1,285","46.1%","476","42.0%","344","46.0%","583","37.4%","17,458","47.8%","406","42.0%","405","43.3%","14","31.8%","5,812","44.9%","10,776","49.8%","990","44.3%","2,428","44.3%","2,255","48.9%","665","34.2%","210","38.7%","20,704","53.9%","1,030","34.0%","768","35.1%","707","35.1%","679","49.7%","11","35.5%","224","40.0%","731","42.5%","1,504","44.0%","233","43.9%","1,212","49.6%","394","42.2%","101","38.1%","426","33.6%","124","29.2%","111","22.1%"
"Married couple household With own children under 18 [3]","59","12.2%","164","18.2%","20,933","19.1%","76","17.4%","1,071","24.0%","48","13.4%","527","18.9%","136","12.0%","122","16.3%","284","18.2%","7,474","20.5%","123","12.7%","115","12.3%","4","9.1%","2,187","16.9%","3,616","16.7%","333","14.9%","893","16.3%","1,021","22.1%","436","22.4%","90","16.6%","8,682","22.6%","554","18.3%","456","20.8%","402","20.0%","225","16.5%","2","6.5%","80","14.3%","211","12.3%","561","16.4%","95","17.9%","434","17.8%","113","12.1%","35","13.2%","154","12.2%","46","10.8%","42","8.3%"
"Cohabiting couple household","66","13.7%","99","11.0%","9,172","8.4%","59","13.5%","489","11.0%","31","8.7%","259","9.3%","79","7.0%","59","7.9%","176","11.3%","2,697","7.4%","105","10.9%","82","8.8%","2","4.5%","1,204","9.3%","1,560","7.2%","184","8.2%","540","9.9%","325","7.0%","306","15.7%","52","9.6%","2,916","7.6%","411","13.6%","269","12.3%","300","14.9%","111","8.1%","0","0.0%","60","10.7%","177","10.3%","303","8.9%","61","11.5%","168","6.9%","86","9.2%","23","8.7%","144","11.4%","79","18.6%","58","11.5%"
"Cohabiting couple household With own children under 18 [3]","37","7.7%","49","5.4%","2,871","2.6%","41","9.4%","313","7.0%","12","3.4%","82","2.9%","34","3.0%","11","1.5%","80","5.1%","807","2.2%","30","3.1%","31","3.3%","1","2.3%","328","2.5%","461","2.1%","35","1.6%","217","4.0%","126","2.7%","223","11.5%","32","5.9%","1,036","2.7%","241","8.0%","179","8.2%","198","9.8%","37","2.7%","0","0.0%","33","5.9%","68","4.0%","103","3.0%","13","2.4%","49","2.0%","29","3.1%","12","4.5%","70","5.5%","41","9.7%","30","6.0%"
"Male householder, no spouse or partner present:","149","30.8%","255","28.3%","23,055","21.1%","111","25.5%","1,064","23.9%","107","30.0%","692","24.8%","353","31.1%","208","27.8%","400","25.7%","8,877","24.3%","238","24.6%","276","29.5%","17","38.6%","2,793","21.6%","4,732","21.9%","559","25.0%","1,178","21.5%","1,034","22.4%","459","23.6%","148","27.3%","7,379","19.2%","831","27.4%","547","25.0%","483","24.0%","300","21.9%","17","54.8%","132","23.6%","506","29.4%","783","22.9%","124","23.4%","627","25.6%","238","25.5%","94","35.5%","349","27.5%","123","29.0%","208","41.4%"
"Male householder, no spouse or partner present Living alone","95","19.7%","183","20.3%","15,394","14.1%","72","16.5%","581","13.0%","81","22.7%","487","17.5%","288","25.4%","172","23.0%","241","15.5%","6,505","17.8%","174","18.0%","186","19.9%","10","22.7%","1,978","15.3%","3,555","16.4%","449","20.1%","834","15.2%","670","14.5%","246","12.7%","97","17.9%","4,946","12.9%","464","15.3%","324","14.8%","251","12.5%","211","15.4%","15","48.4%","101","18.0%","377","21.9%","562","16.4%","85","16.0%","479","19.6%","176","18.9%","71","26.8%","267","21.1%","98","23.1%","160","31.8%"
"Male householder, no spouse or partner present Living alone 65 years and over","34","7.0%","35","3.9%","3,583","3.3%","19","4.4%","132","3.0%","24","6.7%","105","3.8%","98","8.6%","48","6.4%","60","3.9%","1,419","3.9%","67","6.9%","79","8.4%","4","9.1%","492","3.8%","1,292","6.0%","160","7.2%","250","4.6%","168","3.6%","50","2.6%","22","4.1%","1,458","3.8%","102","3.4%","81","3.7%","61","3.0%","84","6.1%","5","16.1%","40","7.1%","138","8.0%","155","4.5%","19","3.6%","180","7.4%","57","6.1%","23","8.7%","94","7.4%","30","7.1%","35","7.0%"
"Male householder, no spouse or partner present With own children under 18 [3]","19","3.9%","25","2.8%","2,198","2.0%","12","2.8%","129","2.9%","5","1.4%","48","1.7%","12","1.1%","7","0.9%","43","2.8%","727","2.0%","17","1.8%","20","2.1%","1","2.3%","268","2.1%","368","1.7%","23","1.0%","97","1.8%","105","2.3%","93","4.8%","13","2.4%","898","2.3%","124","4.1%","71","3.2%","97","4.8%","21","1.5%","0","0.0%","9","1.6%","41","2.4%","76","2.2%","11","2.1%","54","2.2%","20","2.1%","4","1.5%","22","1.7%","8","1.9%","14","2.8%"
"Female householder, no spouse or partner present:","94","19.5%","192","21.3%","26,912","24.6%","121","27.8%","1,055","23.6%","69","19.3%","552","19.8%","226","19.9%","137","18.3%","399","25.6%","7,489","20.5%","217","22.5%","172","18.4%","11","25.0%","3,131","24.2%","4,571","21.1%","501","22.4%","1,333","24.3%","998","21.6%","513","26.4%","133","24.5%","7,381","19.2%","758","25.0%","606","27.7%","524","26.0%","277","20.3%","3","9.7%","144","25.7%","307","17.8%","831","24.3%","113","21.3%","438","17.9%","215","23.0%","47","17.7%","348","27.5%","98","23.1%","126","25.0%"
"Female householder, no spouse or partner present Living alone","31","6.4%","112","12.4%","14,348","13.1%","25","5.7%","309","6.9%","32","9.0%","343","12.3%","121","10.7%","103","13.8%","179","11.5%","4,297","11.8%","149","15.4%","77","8.2%","3","6.8%","1,846","14.3%","2,910","13.4%","313","14.0%","752","13.7%","465","10.1%","94","4.8%","53","9.8%","3,954","10.3%","274","9.0%","190","8.7%","168","8.3%","162","11.9%","3","9.7%","49","8.8%","167","9.7%","493","14.4%","69","13.0%","260","10.6%","137","14.7%","17","6.4%","194","15.3%","32","7.5%","65","12.9%"
"Female householder, no spouse or partner present Living alone 65 years and over","13","2.7%","38","4.2%","5,222","4.8%","8","1.8%","82","1.8%","10","2.8%","131","4.7%","43","3.8%","25","3.3%","50","3.2%","1,442","3.9%","76","7.9%","42","4.5%","0","0.0%","664","5.1%","1,410","6.5%","105","4.7%","339","6.2%","184","4.0%","23","1.2%","13","2.4%","1,719","4.5%","80","2.6%","58","2.6%","50","2.5%","90","6.6%","2","6.5%","22","3.9%","66","3.8%","206","6.0%","25","4.7%","111","4.5%","58","6.2%","11","4.2%","84","6.6%","14","3.3%","25","5.0%"
"Female householder, no spouse or partner present With own children under 18 [3]","23","4.8%","48","5.3%","5,382","4.9%","29","6.7%","305","6.8%","7","2.0%","94","3.4%","34","3.0%","14","1.9%","99","6.4%","1,511","4.1%","26","2.7%","25","2.7%","0","0.0%","546","4.2%","673","3.1%","74","3.3%","231","4.2%","211","4.6%","188","9.7%","35","6.4%","1,545","4.0%","190","6.3%","163","7.4%","143","7.1%","49","3.6%","0","0.0%","30","5.4%","58","3.4%","128","3.7%","10","1.9%","77","3.1%","29","3.1%","1","0.4%","68","5.4%","32","7.5%","25","5.0%"
"Households with individuals under 18 years","177","36.6%","339","37.6%","35,221","32.2%","218","50.0%","2,387","53.5%","105","29.4%","862","30.9%","301","26.5%","201","26.9%","663","42.6%","11,642","31.9%","248","25.7%","267","28.6%","12","27.3%","3,883","30.0%","5,773","26.7%","551","24.7%","1,701","31.0%","1,714","37.2%","1,232","63.4%","210","38.7%","13,568","35.4%","1,398","46.1%","1,125","51.4%","1,091","54.2%","414","30.3%","3","9.7%","183","32.7%","495","28.8%","1,069","31.2%","170","32.0%","728","29.8%","247","26.5%","76","28.7%","386","30.5%","156","36.8%","137","27.2%"
"Households with individuals 65 years and over","150","31.1%","217","24.1%","26,738","24.5%","122","28.0%","1,088","24.4%","111","31.1%","757","27.2%","408","36.0%","230","30.7%","425","27.3%","8,353","22.9%","381","39.4%","384","41.1%","21","47.7%","3,525","27.2%","7,531","34.8%","736","32.9%","1,679","30.6%","1,216","26.4%","470","24.2%","133","24.5%","10,446","27.2%","734","24.2%","509","23.2%","503","25.0%","550","40.2%","12","38.7%","175","31.3%","600","34.9%","1,075","31.4%","142","26.7%","869","35.5%","345","37.0%","96","36.2%","426","33.6%","132","31.1%","130","25.8%"
"HOUSING OCCUPANCY","","","","","","","","","","","","","","","","","","","","","","","","","","","","","","","","","","","","","","","","","","","","","","","","","","","","","","","","","","","","","","","","","","","","","","","","","",""
"Total housing units","679","100.0%","1,331","100.0%","118,640","100.0%","755","100.0%","5,229","100.0%","857","100.0%","3,565","100.0%","2,769","100.0%","1,606","100.0%","2,405","100.0%","42,659","100.0%","1,370","100.0%","1,712","100.0%","65","100.0%","14,093","100.0%","29,332","100.0%","3,290","100.0%","6,614","100.0%","5,825","100.0%","2,342","100.0%","1,469","100.0%","51,077","100.0%","4,095","100.0%","2,619","100.0%","2,717","100.0%","1,718","100.0%","84","100.0%","625","100.0%","2,518","100.0%","4,139","100.0%","760","100.0%","3,513","100.0%","1,273","100.0%","441","100.0%","2,324","100.0%","703","100.0%","987","100.0%"
"Occupied housing units","483","71.1%","902","67.8%","109,343","92.2%","436","57.7%","4,461","85.3%","357","41.7%","2,788","78.2%","1,134","41.0%","748","46.6%","1,558","64.8%","36,521","85.6%","966","70.5%","935","54.6%","44","67.7%","12,940","91.8%","21,639","73.8%","2,234","67.9%","5,479","82.8%","4,612","79.2%","1,943","83.0%","543","37.0%","38,380","75.1%","3,030","74.0%","2,190","83.6%","2,014","74.1%","1,367","79.6%","31","36.9%","560","89.6%","1,721","68.3%","3,421","82.7%","531","69.9%","2,445","69.6%","933","73.3%","265","60.1%","1,267","54.5%","424","60.3%","503","51.0%"
"Vacant housing units","196","28.9%","429","32.2%","9,297","7.8%","319","42.3%","768","14.7%","500","58.3%","777","21.8%","1,635","59.0%","858","53.4%","847","35.2%","6,138","14.4%","404","29.5%","777","45.4%","21","32.3%","1,153","8.2%","7,693","26.2%","1,056","32.1%","1,135","17.2%","1,213","20.8%","399","17.0%","926","63.0%","12,697","24.9%","1,065","26.0%","429","16.4%","703","25.9%","351","20.4%","53","63.1%","65","10.4%","797","31.7%","718","17.3%","229","30.1%","1,068","30.4%","340","26.7%","176","39.9%","1,057","45.5%","279","39.7%","484","49.0%"
"For rent","24","3.5%","133","10.0%","3,716","3.1%","5","0.7%","131","2.5%","25","2.9%","107","3.0%","56","2.0%","89","5.5%","59","2.5%","2,111","4.9%","38","2.8%","56","3.3%","1","1.5%","314","2.2%","591","2.0%","68","2.1%","345","5.2%","246","4.2%","25","1.1%","29","2.0%","1,060","2.1%","105","2.6%","39","1.5%","72","2.6%","41","2.4%","4","4.8%","19","3.0%","96","3.8%","155","3.7%","42","5.5%","164","4.7%","18","1.4%","15","3.4%","46","2.0%","18","2.6%","7","0.7%"
"Rented, not occupied","13","1.9%","14","1.1%","355","0.3%","5","0.7%","25","0.5%","9","1.1%","30","0.8%","3","0.1%","10","0.6%","10","0.4%","262","0.6%","2","0.1%","2","0.1%","0","0.0%","76","0.5%","85","0.3%","12","0.4%","30","0.5%","21","0.4%","7","0.3%","0","0.0%","210","0.4%","2","0.0%","9","0.3%","0","0.0%","4","0.2%","0","0.0%","0","0.0%","9","0.4%","11","0.3%","10","1.3%","8","0.2%","6","0.5%","2","0.5%","2","0.1%","0","0.0%","0","0.0%"
"For sale only","0","0.0%","5","0.4%","1,107","0.9%","1","0.1%","9","0.2%","4","0.5%","17","0.5%","20","0.7%","19","1.2%","6","0.2%","435","1.0%","13","0.9%","19","1.1%","1","1.5%","103","0.7%","347","1.2%","18","0.5%","58","0.9%","36","0.6%","11","0.5%","27","1.8%","686","1.3%","9","0.2%","1","0.0%","0","0.0%","25","1.5%","7","8.3%","0","0.0%","26","1.0%","39","0.9%","0","0.0%","43","1.2%","9","0.7%","3","0.7%","36","1.5%","9","1.3%","3","0.3%"
"Sold, not occupied","11","1.6%","0","0.0%","288","0.2%","4","0.5%","5","0.1%","3","0.4%","13","0.4%","14","0.5%","23","1.4%","6","0.2%","174","0.4%","3","0.2%","9","0.5%","3","4.6%","39","0.3%","147","0.5%","3","0.1%","39","0.6%","19","0.3%","24","1.0%","3","0.2%","227","0.4%","14","0.3%","0","0.0%","4","0.1%","3","0.2%","0","0.0%","3","0.5%","21","0.8%","18","0.4%","9","1.2%","13","0.4%","3","0.2%","0","0.0%","3","0.1%","9","1.3%","26","2.6%"
"For seasonal, recreational, or occasional use","84","12.4%","189","14.2%","1,532","1.3%","215","28.5%","369","7.1%","420","49.0%","500","14.0%","1,172","42.3%","551","34.3%","612","25.4%","1,539","3.6%","277","20.2%","582","34.0%","6","9.2%","318","2.3%","5,416","18.5%","786","23.9%","445","6.7%","639","11.0%","248","10.6%","764","52.0%","8,750","17.1%","605","14.8%","164","6.3%","421","15.5%","207","12.0%","20","23.8%","4","0.6%","350","13.9%","306","7.4%","136","17.9%","507","14.4%","251","19.7%","137","31.1%","682","29.3%","200","28.4%","318","32.2%"
"All other vacants","64","9.4%","88","6.6%","2,299","1.9%","89","11.8%","229","4.4%","39","4.6%","110","3.1%","370","13.4%","166","10.3%","154","6.4%","1,617","3.8%","71","5.2%","109","6.4%","10","15.4%","303","2.2%","1,107","3.8%","169","5.1%","218","3.3%","252","4.3%","84","3.6%","103","7.0%","1,764","3.5%","330","8.1%","216","8.2%","206","7.6%","71","4.1%","22","26.2%","39","6.2%","295","11.7%","189","4.6%","32","4.2%","333","9.5%","53","4.2%","19","4.3%","288","12.4%","43","6.1%","130","13.2%"
"VACANCY RATES","","","","","","","","","","","","","","","","","","","","","","","","","","","","","","","","","","","","","","","","","","","","","","","","","","","","","","","","","","","","","","","","","","","","","","","","","",""
"Homeowner vacancy rate (percent) [4]","0.0","(X)","1.4","(X)","1.7","(X)","0.3","(X)","0.3","(X)","1.9","(X)","0.9","(X)","2.3","(X)","3.2","(X)","0.6","(X)","2.0","(X)","1.8","(X)","2.8","(X)","3.0","(X)","1.3","(X)","2.1","(X)","1.2","(X)","1.7","(X)","1.4","(X)","0.8","(X)","6.5","(X)","2.3","(X)","0.5","(X)","0.1","(X)","0.0","(X)","2.5","(X)","20.6","(X)","0.0","(X)","2.0","(X)","1.8","(X)","0.0","(X)","2.3","(X)","1.5","(X)","1.9","(X)","3.8","(X)","2.6","(X)","0.8","(X)"
"Rental vacancy rate (percent) [5]","11.2","(X)","19.4","(X)","7.8","(X)","3.4","(X)","6.8","(X)","13.4","(X)","9.4","(X)","16.4","(X)","29.4","(X)","9.3","(X)","12.1","(X)","12.3","(X)","16.1","(X)","6.3","(X)","6.0","(X)","9.7","(X)","8.2","(X)","13.3","(X)","10.8","(X)","4.3","(X)","15.6","(X)","10.0","(X)","7.6","(X)","3.2","(X)","7.7","(X)","9.3","(X)","50.0","(X)","8.6","(X)","16.0","(X)","10.2","(X)","14.7","(X)","21.0","(X)","4.9","(X)","12.2","(X)","11.3","(X)","15.4","(X)","4.8","(X)"
"HOUSING TENURE","","","","","","","","","","","","","","","","","","","","","","","","","","","","","","","","","","","","","","","","","","","","","","","","","","","","","","","","","","","","","","","","","","","","","","","","","",""
"Occupied housing units","483","100.0%","902","100.0%","109,343","100.0%","436","100.0%","4,461","100.0%","357","100.0%","2,788","100.0%","1,134","100.0%","748","100.0%","1,558","100.0%","36,521","100.0%","966","100.0%","935","100.0%","44","100.0%","12,940","100.0%","21,639","100.0%","2,234","100.0%","5,479","100.0%","4,612","100.0%","1,943","100.0%","543","100.0%","38,380","100.0%","3,030","100.0%","2,190","100.0%","2,014","100.0%","1,367","100.0%","31","100.0%","560","100.0%","1,721","100.0%","3,421","100.0%","531","100.0%","2,445","100.0%","933","100.0%","265","100.0%","1,267","100.0%","424","100.0%","503","100.0%"
"Owner-occupied housing units","305","63.1%","364","40.4%","65,630","60.0%","297","68.1%","2,687","60.2%","205","57.4%","1,783","64.0%","852","75.1%","544","72.7%","993","63.7%","21,494","58.9%","698","72.3%","645","69.0%","29","65.9%","8,065","62.3%","16,222","75.0%","1,488","66.6%","3,252","59.4%","2,600","56.4%","1,391","71.6%","386","71.1%","29,026","75.6%","1,759","58.1%","1,020","46.6%","1,147","57.0%","972","71.1%","27","87.1%","357","63.8%","1,227","71.3%","2,062","60.3%","297","55.9%","1,837","75.1%","591","63.3%","159","60.0%","907","71.6%","325","76.7%","365","72.6%"
"Renter-occupied housing units","178","36.9%","538","59.6%","43,713","40.0%","139","31.9%","1,774","39.8%","152","42.6%","1,005","36.0%","282","24.9%","204","27.3%","565","36.3%","15,027","41.1%","268","27.7%","290","31.0%","15","34.1%","4,875","37.7%","5,417","25.0%","746","33.4%","2,227","40.6%","2,012","43.6%","552","28.4%","157","28.9%","9,354","24.4%","1,271","41.9%","1,170","53.4%","867","43.0%","395","28.9%","4","12.9%","203","36.3%","494","28.7%","1,359","39.7%","234","44.1%","608","24.9%","342","36.7%","106","40.0%","360","28.4%","99","23.3%","138","27.4%"
