"Label (Grouping)","Central Kent CCD, Kent County, Delaware!!Count","Central Kent CCD, Kent County, Delaware!!Percent","Dover CCD, Kent County, Delaware!!Count","Dover CCD, Kent County, Delaware!!Percent","Felton CCD, Kent County, Delaware!!Count","Felton CCD, Kent County, Delaware!!Percent","Harrington CCD, Kent County, Delaware!!Count","Harrington CCD, Kent County, Delaware!!Percent","Kenton CCD, Kent County, Delaware!!Count","Kenton CCD, Kent County, Delaware!!Percent","Milford North CCD, Kent County, Delaware!!Count","Milford North CCD, Kent County, Delaware!!Percent","Smyrna CCD, Kent County, Delaware!!Count","Smyrna CCD, Kent County, Delaware!!Percent","Brandywine CCD, New Castle County, Delaware!!Count","Brandywine CCD, New Castle County, Delaware!!Percent","Glasgow CCD, New Castle County, Delaware!!Count","Glasgow CCD, New Castle County, Delaware!!Percent","Lower Christiana CCD, New Castle County, Delaware!!Count","Lower Christiana CCD, New Castle County, Delaware!!Percent","Middletown-Odessa CCD, New Castle County, Delaware!!Count","Middletown-Odessa CCD, New Castle County, Delaware!!Percent","Newark CCD, New Castle County, Delaware!!Count","Newark CCD, New Castle County, Delaware!!Percent","New Castle CCD, New Castle County, Delaware!!Count","New Castle CCD, New Castle County, Delaware!!Percent","Piedmont CCD, New Castle County, Delaware!!Count","Piedmont CCD, New Castle County, Delaware!!Percent","Pike Creek-Central Kirkwood CCD, New Castle County, Delaware!!Count","Pike Creek-Central Kirkwood CCD, New Castle County, Delaware!!Percent","Red Lion CCD, New Castle County, Delaware!!Count","Red Lion CCD, New Castle County, Delaware!!Percent","Upper Christiana CCD, New Castle County, Delaware!!Count","Upper Christiana CCD, New Castle County, Delaware!!Percent","Wilmington CCD, New Castle County, Delaware!!Count","Wilmington CCD, New Castle County, Delaware!!Percent","Bridgeville-Greenwood CCD, Sussex County, Delaware!!Count","Bridgeville-Greenwood CCD, Sussex County, Delaware!!Percent","Georgetown CCD, Sussex County, Delaware!!Count","Georgetown CCD, Sussex County, Delaware!!Percent","Laurel-Delmar CCD, Sussex County, Delaware!!Count","Laurel-Delmar CCD, Sussex County, Delaware!!Percent","Lewes CCD, Sussex County, Delaware!!Count","Lewes CCD, Sussex County, Delaware!!Percent","Milford South CCD, Sussex County, Delaware!!Count","Milford South CCD, Sussex County, Delaware!!Percent","Millsboro CCD, Sussex County, Delaware!!Count","Millsboro CCD, Sussex County, Delaware!!Percent","Milton CCD, Sussex County, Delaware!!Count","Milton CCD, Sussex County, Delaware!!Percent","Seaford CCD, Sussex County, Delaware!!Count","Seaford CCD, Sussex County, Delaware!!Percent","Selbyville-Frankford CCD, Sussex County, Delaware!!Count","Selbyville-Frankford CCD, Sussex County, Delaware!!Percent"
"SEX AND AGE","","","","","","","","","","","","","","","","","","","","","","","","","","","","","","","","","","","","","","","","","","","","","","","","","","","","","",""
"Total population","29,972","100.0%","82,453","100.0%","7,619","100.0%","13,092","100.0%","7,315","100.0%","11,818","100.0%","29,582","100.0%","81,197","100.0%","42,405","100.0%","37,107","100.0%","68,675","100.0%","67,705","100.0%","90,459","100.0%","30,968","100.0%","42,789","100.0%","10,045","100.0%","28,471","100.0%","70,898","100.0%","13,072","100.0%","16,337","100.0%","25,153","100.0%","38,035","100.0%","23,790","100.0%","33,697","100.0%","21,633","100.0%","26,748","100.0%","38,913","100.0%"
"Under 5 years","1,693","5.6%","5,050","6.1%","430","5.6%","727","5.6%","390","5.3%","742","6.3%","1,730","5.8%","4,100","5.0%","2,196","5.2%","2,046","5.5%","3,582","5.2%","3,044","4.5%","5,143","5.7%","1,091","3.5%","1,956","4.6%","424","4.2%","1,851","6.5%","4,252","6.0%","734","5.6%","974","6.0%","1,631","6.5%","1,037","2.7%","1,296","5.4%","1,472","4.4%","906","4.2%","1,603","6.0%","1,130","2.9%"
"5 to 9 years","2,029","6.8%","5,153","6.2%","481","6.3%","803","6.1%","454","6.2%","733","6.2%","2,057","7.0%","4,351","5.4%","2,479","5.8%","2,271","6.1%","4,745","6.9%","3,113","4.6%","5,405","6.0%","1,551","5.0%","2,307","5.4%","583","5.8%","1,711","6.0%","4,681","6.6%","902","6.9%","1,117","6.8%","1,699","6.8%","1,196","3.1%","1,513","6.4%","1,658","4.9%","880","4.1%","1,696","6.3%","1,352","3.5%"
"10 to 14 years","2,177","7.3%","5,221","6.3%","471","6.2%","844","6.4%","500","6.8%","772","6.5%","2,298","7.8%","4,706","5.8%","2,898","6.8%","2,374","6.4%","5,380","7.8%","3,170","4.7%","5,990","6.6%","1,994","6.4%","2,528","5.9%","689","6.9%","1,631","5.7%","4,729","6.7%","914","7.0%","1,214","7.4%","1,859","7.4%","1,317","3.5%","1,614","6.8%","1,757","5.2%","1,016","4.7%","1,782","6.7%","1,479","3.8%"
"15 to 19 years","2,035","6.8%","6,068","7.4%","463","6.1%","757","5.8%","548","7.5%","744","6.3%","2,031","6.9%","4,487","5.5%","3,013","7.1%","2,357","6.4%","5,280","7.7%","5,419","8.0%","5,828","6.4%","2,051","6.6%","2,565","6.0%","751","7.5%","1,425","5.0%","4,458","6.3%","825","6.3%","1,173","7.2%","1,637","6.5%","1,354","3.6%","1,542","6.5%","1,653","4.9%","929","4.3%","1,707","6.4%","1,559","4.0%"
"20 to 24 years","1,658","5.5%","7,527","9.1%","403","5.3%","757","5.8%","359","4.9%","651","5.5%","1,570","5.3%","4,002","4.9%","2,709","6.4%","2,197","5.9%","4,135","6.0%","12,261","18.1%","5,831","6.4%","1,541","5.0%","2,420","5.7%","689","6.9%","1,802","6.3%","4,333","6.1%","620","4.7%","1,178","7.2%","1,359","5.4%","1,179","3.1%","1,240","5.2%","1,404","4.2%","811","3.7%","1,471","5.5%","1,368","3.5%"
"25 to 29 years","1,576","5.3%","5,631","6.8%","450","5.9%","722","5.5%","367","5.0%","781","6.6%","1,710","5.8%","4,664","5.7%","2,685","6.3%","2,731","7.4%","3,376","4.9%","5,427","8.0%","6,582","7.3%","1,031","3.3%","2,574","6.0%","503","5.0%","2,550","9.0%","6,074","8.6%","699","5.3%","1,156","7.1%","1,447","5.8%","1,170","3.1%","1,283","5.4%","1,583","4.7%","895","4.1%","1,445","5.4%","1,319","3.4%"
"30 to 34 years","1,881","6.3%","5,180","6.3%","484","6.4%","839","6.4%","422","5.8%","800","6.8%","1,880","6.4%","5,431","6.7%","2,713","6.4%","2,820","7.6%","4,059","5.9%","4,257","6.3%","6,542","7.2%","1,158","3.7%","2,881","6.7%","481","4.8%","2,546","8.9%","5,867","8.3%","812","6.2%","1,195","7.3%","1,559","6.2%","1,278","3.4%","1,476","6.2%","1,678","5.0%","1,054","4.9%","1,547","5.8%","1,394","3.6%"
"35 to 39 years","1,846","6.2%","4,824","5.9%","437","5.7%","739","5.6%","443","6.1%","718","6.1%","1,985","6.7%","5,287","6.5%","2,813","6.6%","2,731","7.4%","4,634","6.7%","3,580","5.3%","6,039","6.7%","1,481","4.8%","2,771","6.5%","537","5.3%","2,467","8.7%","5,050","7.1%","792","6.1%","1,241","7.6%","1,567","6.2%","1,523","4.0%","1,440","6.1%","1,633","4.8%","1,072","5.0%","1,607","6.0%","1,426","3.7%"
"40 to 44 years","1,701","5.7%","4,206","5.1%","438","5.7%","667","5.1%","460","6.3%","588","5.0%","1,956","6.6%","4,797","5.9%","2,799","6.6%","2,337","6.3%","4,883","7.1%","3,163","4.7%","5,530","6.1%","1,642","5.3%","2,602","6.1%","633","6.3%","1,703","6.0%","4,195","5.9%","617","4.7%","989","6.1%","1,386","5.5%","1,489","3.9%","1,287","5.4%","1,445","4.3%","994","4.6%","1,436","5.4%","1,444","3.7%"
"45 to 49 years","1,834","6.1%","4,041","4.9%","464","6.1%","747","5.7%","477","6.5%","597","5.1%","1,821","6.2%","4,793","5.9%","3,040","7.2%","2,145","5.8%","4,957","7.2%","2,977","4.4%","5,649","6.2%","1,964","6.3%","2,546","6.0%","749","7.5%","1,581","5.6%","3,854","5.4%","689","5.3%","877","5.4%","1,415","5.6%","1,624","4.3%","1,310","5.5%","1,542","4.6%","996","4.6%","1,398","5.2%","1,622","4.2%"
"50 to 54 years","1,992","6.6%","4,492","5.4%","494","6.5%","856","6.5%","518","7.1%","660","5.6%","1,924","6.5%","5,407","6.7%","3,350","7.9%","2,335","6.3%","5,011","7.3%","3,501","5.2%","6,129","6.8%","2,330","7.5%","2,872","6.7%","847","8.4%","1,771","6.2%","4,193","5.9%","734","5.6%","913","5.6%","1,574","6.3%","2,192","5.8%","1,404","5.9%","1,784","5.3%","1,094","5.1%","1,728","6.5%","2,093","5.4%"
"55 to 59 years","2,246","7.5%","5,320","6.5%","605","7.9%","1,034","7.9%","604","8.3%","742","6.3%","1,855","6.3%","6,034","7.4%","3,300","7.8%","2,511","6.8%","4,828","7.0%","3,775","5.6%","6,466","7.1%","2,588","8.4%","3,211","7.5%","852","8.5%","1,803","6.3%","4,777","6.7%","866","6.6%","915","5.6%","1,789","7.1%","3,300","8.7%","1,703","7.2%","2,621","7.8%","1,637","7.6%","1,858","6.9%","3,293","8.5%"
"60 to 64 years","2,082","6.9%","5,061","6.1%","576","7.6%","991","7.6%","526","7.2%","823","7.0%","1,750","5.9%","6,142","7.6%","2,880","6.8%","2,548","6.9%","4,052","5.9%","3,854","5.7%","5,893","6.5%","2,532","8.2%","3,296","7.7%","747","7.4%","1,792","6.3%","4,326","6.1%","879","6.7%","915","5.6%","1,728","6.9%","4,230","11.1%","1,697","7.1%","3,046","9.0%","2,085","9.6%","1,846","6.9%","4,291","11.0%"
"65 to 69 years","1,703","5.7%","4,454","5.4%","463","6.1%","806","6.2%","426","5.8%","762","6.4%","1,593","5.4%","5,230","6.4%","2,177","5.1%","1,919","5.2%","3,257","4.7%","3,219","4.8%","4,874","5.4%","2,186","7.1%","2,806","6.6%","597","5.9%","1,339","4.7%","3,531","5.0%","935","7.2%","810","5.0%","1,466","5.8%","4,815","12.7%","1,611","6.8%","3,480","10.3%","2,555","11.8%","1,771","6.6%","5,091","13.1%"
"70 to 74 years","1,603","5.3%","3,827","4.6%","424","5.6%","741","5.7%","347","4.7%","737","6.2%","1,473","5.0%","4,226","5.2%","1,608","3.8%","1,389","3.7%","2,912","4.2%","2,644","3.9%","3,711","4.1%","1,932","6.2%","2,061","4.8%","433","4.3%","1,065","3.7%","2,623","3.7%","880","6.7%","648","4.0%","1,264","5.0%","4,476","11.8%","1,379","5.8%","3,126","9.3%","2,366","10.9%","1,575","5.9%","4,464","11.5%"
"75 to 79 years","997","3.3%","2,824","3.4%","254","3.3%","562","4.3%","259","3.5%","443","3.7%","979","3.3%","3,118","3.8%","940","2.2%","954","2.6%","1,834","2.7%","1,889","2.8%","2,359","2.6%","1,455","4.7%","1,489","3.5%","250","2.5%","633","2.2%","1,760","2.5%","638","4.9%","471","2.9%","900","3.6%","2,842","7.5%","959","4.0%","1,979","5.9%","1,307","6.0%","1,022","3.8%","2,855","7.3%"
"80 to 84 years","549","1.8%","1,881","2.3%","156","2.0%","304","2.3%","139","1.9%","291","2.5%","572","1.9%","1,995","2.5%","456","1.1%","677","1.8%","1,030","1.5%","1,112","1.6%","1,409","1.6%","1,062","3.4%","922","2.2%","157","1.6%","424","1.5%","1,068","1.5%","316","2.4%","310","1.9%","470","1.9%","1,637","4.3%","556","2.3%","1,028","3.1%","605","2.8%","649","2.4%","1,588","4.1%"
"85 years and over","370","1.2%","1,693","2.1%","126","1.7%","196","1.5%","76","1.0%","234","2.0%","398","1.3%","2,427","3.0%","349","0.8%","765","2.1%","720","1.0%","1,300","1.9%","1,079","1.2%","1,379","4.5%","982","2.3%","123","1.2%","377","1.3%","1,127","1.6%","220","1.7%","241","1.5%","403","1.6%","1,376","3.6%","480","2.0%","808","2.4%","431","2.0%","607","2.3%","1,145","2.9%"
"Selected Age Categories","","","","","","","","","","","","","","","","","","","","","","","","","","","","","","","","","","","","","","","","","","","","","","","","","","","","","",""
"16 years and over","23,665","79.0%","66,038","80.1%","6,134","80.5%","10,574","80.8%","5,861","80.1%","9,421","79.7%","23,045","77.9%","67,106","82.6%","34,222","80.7%","29,925","80.6%","53,862","78.4%","57,780","85.3%","72,773","80.4%","25,933","83.7%","35,505","83.0%","8,188","81.5%","23,007","80.8%","56,301","79.4%","10,333","79.0%","12,786","78.3%","19,603","77.9%","34,211","89.9%","19,073","80.2%","28,444","84.4%","18,634","86.1%","21,277","79.5%","34,663","89.1%"
"18 years and over","22,814","76.1%","63,911","77.5%","5,956","78.2%","10,253","78.3%","5,611","76.7%","9,093","76.9%","22,167","74.9%","65,255","80.4%","32,971","77.8%","28,929","78.0%","51,634","75.2%","56,525","83.5%","70,320","77.7%","25,046","80.9%","34,428","80.5%","7,891","78.6%","22,380","78.6%","54,497","76.9%","9,984","76.4%","12,333","75.5%","18,934","75.3%","33,593","88.3%","18,407","77.4%","27,775","82.4%","18,237","84.3%","20,616","77.1%","33,983","87.3%"
"21 years and over","21,667","72.3%","59,052","71.6%","5,678","74.5%","9,801","74.9%","5,343","73.0%","8,694","73.6%","21,166","71.6%","62,708","77.2%","31,232","73.7%","27,595","74.4%","48,766","71.0%","49,113","72.5%","66,932","74.0%","23,932","77.3%","32,921","76.9%","7,433","74.0%","21,509","75.5%","51,974","73.3%","9,595","73.4%","11,619","71.1%","18,028","71.7%","32,905","86.5%","17,570","73.9%","26,879","79.8%","17,748","82.0%","19,629","73.4%","33,115","85.1%"
"62 years and over","6,452","21.5%","17,645","21.4%","1,753","23.0%","3,193","24.4%","1,533","21.0%","2,959","25.0%","6,053","20.5%","20,675","25.5%","7,223","17.0%","7,150","19.3%","12,076","17.6%","12,531","18.5%","16,868","18.6%","9,511","30.7%","10,238","23.9%","1,999","19.9%","4,859","17.1%","12,668","17.9%","3,523","27.0%","3,022","18.5%","5,470","21.7%","17,808","46.8%","5,985","25.2%","12,312","36.5%","8,631","39.9%","6,737","25.2%","17,846","45.9%"
"65 years and over","5,222","17.4%","14,679","17.8%","1,423","18.7%","2,609","19.9%","1,247","17.0%","2,467","20.9%","5,015","17.0%","16,996","20.9%","5,530","13.0%","5,704","15.4%","9,753","14.2%","10,164","15.0%","13,432","14.8%","8,014","25.9%","8,260","19.3%","1,560","15.5%","3,838","13.5%","10,109","14.3%","2,989","22.9%","2,480","15.2%","4,503","17.9%","15,146","39.8%","4,985","21.0%","10,421","30.9%","7,264","33.6%","5,624","21.0%","15,143","38.9%"
"Male population","14,591","100.0%","39,287","100.0%","3,733","100.0%","6,313","100.0%","3,636","100.0%","5,667","100.0%","13,952","100.0%","38,623","100.0%","20,564","100.0%","18,108","100.0%","34,511","100.0%","32,097","100.0%","42,894","100.0%","15,025","100.0%","20,327","100.0%","4,897","100.0%","13,994","100.0%","33,660","100.0%","6,351","100.0%","8,810","100.0%","12,261","100.0%","18,030","100.0%","11,466","100.0%","16,046","100.0%","10,293","100.0%","12,998","100.0%","18,585","100.0%"
"Male population Under 5 years","879","6.0%","2,559","6.5%","201","5.4%","380","6.0%","197","5.4%","391","6.9%","881","6.3%","2,117","5.5%","1,137","5.5%","1,030","5.7%","1,874","5.4%","1,530","4.8%","2,598","6.1%","571","3.8%","961","4.7%","222","4.5%","924","6.6%","2,163","6.4%","366","5.8%","507","5.8%","833","6.8%","503","2.8%","651","5.7%","801","5.0%","482","4.7%","828","6.4%","573","3.1%"
"Male population 5 to 9 years","1,041","7.1%","2,662","6.8%","245","6.6%","381","6.0%","237","6.5%","377","6.7%","1,018","7.3%","2,179","5.6%","1,268","6.2%","1,135","6.3%","2,425","7.0%","1,558","4.9%","2,726","6.4%","759","5.1%","1,190","5.9%","278","5.7%","896","6.4%","2,349","7.0%","438","6.9%","539","6.1%","871","7.1%","584","3.2%","758","6.6%","876","5.5%","454","4.4%","887","6.8%","697","3.8%"
"Male population 10 to 14 years","1,109","7.6%","2,628","6.7%","244","6.5%","420","6.7%","257","7.1%","402","7.1%","1,141","8.2%","2,401","6.2%","1,454","7.1%","1,259","7.0%","2,678","7.8%","1,632","5.1%","3,068","7.2%","987","6.6%","1,246","6.1%","335","6.8%","864","6.2%","2,384","7.1%","435","6.8%","640","7.3%","949","7.7%","675","3.7%","852","7.4%","869","5.4%","492","4.8%","932","7.2%","763","4.1%"
"Male population 15 to 19 years","1,073","7.4%","3,052","7.8%","222","5.9%","389","6.2%","284","7.8%","375","6.6%","1,008","7.2%","2,251","5.8%","1,566","7.6%","1,234","6.8%","2,783","8.1%","2,368","7.4%","3,029","7.1%","1,041","6.9%","1,284","6.3%","366","7.5%","755","5.4%","2,247","6.7%","439","6.9%","617","7.0%","832","6.8%","697","3.9%","784","6.8%","845","5.3%","495","4.8%","883","6.8%","782","4.2%"
"Male population 20 to 24 years","831","5.7%","3,803","9.7%","211","5.7%","389","6.2%","181","5.0%","325","5.7%","808","5.8%","2,007","5.2%","1,383","6.7%","1,115","6.2%","2,380","6.9%","5,678","17.7%","2,879","6.7%","758","5.0%","1,222","6.0%","366","7.5%","916","6.5%","2,159","6.4%","317","5.0%","688","7.8%","650","5.3%","606","3.4%","652","5.7%","728","4.5%","401","3.9%","730","5.6%","705","3.8%"
"Male population 25 to 29 years","767","5.3%","2,856","7.3%","229","6.1%","337","5.3%","196","5.4%","353","6.2%","814","5.8%","2,265","5.9%","1,321","6.4%","1,374","7.6%","1,764","5.1%","2,665","8.3%","3,102","7.2%","531","3.5%","1,273","6.3%","258","5.3%","1,294","9.2%","2,973","8.8%","372","5.9%","696","7.9%","682","5.6%","594","3.3%","643","5.6%","752","4.7%","454","4.4%","702","5.4%","635","3.4%"
"Male population 30 to 34 years","912","6.3%","2,463","6.3%","230","6.2%","430","6.8%","210","5.8%","377","6.7%","898","6.4%","2,621","6.8%","1,313","6.4%","1,380","7.6%","2,002","5.8%","2,188","6.8%","3,152","7.3%","548","3.6%","1,407","6.9%","236","4.8%","1,289","9.2%","2,751","8.2%","392","6.2%","723","8.2%","711","5.8%","606","3.4%","678","5.9%","824","5.1%","494","4.8%","752","5.8%","677","3.6%"
"Male population 35 to 39 years","846","5.8%","2,281","5.8%","219","5.9%","384","6.1%","210","5.8%","328","5.8%","887","6.4%","2,632","6.8%","1,329","6.5%","1,364","7.5%","2,284","6.6%","1,815","5.7%","2,820","6.6%","720","4.8%","1,349","6.6%","246","5.0%","1,255","9.0%","2,400","7.1%","391","6.2%","713","8.1%","756","6.2%","792","4.4%","715","6.2%","794","4.9%","553","5.4%","799","6.1%","709","3.8%"
"Male population 40 to 44 years","799","5.5%","1,961","5.0%","222","5.9%","314","5.0%","228","6.3%","279","4.9%","925","6.6%","2,280","5.9%","1,291","6.3%","1,137","6.3%","2,380","6.9%","1,521","4.7%","2,550","5.9%","799","5.3%","1,275","6.3%","288","5.9%","860","6.1%","2,024","6.0%","287","4.5%","569","6.5%","705","5.7%","739","4.1%","630","5.5%","666","4.2%","478","4.6%","666","5.1%","686","3.7%"
"Male population 45 to 49 years","891","6.1%","1,836","4.7%","226","6.1%","342","5.4%","221","6.1%","277","4.9%","829","5.9%","2,310","6.0%","1,467","7.1%","1,049","5.8%","2,441","7.1%","1,468","4.6%","2,641","6.2%","954","6.3%","1,255","6.2%","356","7.3%","770","5.5%","1,890","5.6%","334","5.3%","500","5.7%","691","5.6%","823","4.6%","628","5.5%","735","4.6%","481","4.7%","688","5.3%","758","4.1%"
"Male population 50 to 54 years","966","6.6%","2,111","5.4%","253","6.8%","403","6.4%","267","7.3%","334","5.9%","883","6.3%","2,532","6.6%","1,563","7.6%","1,119","6.2%","2,498","7.2%","1,626","5.1%","2,879","6.7%","1,154","7.7%","1,340","6.6%","432","8.8%","817","5.8%","1,955","5.8%","356","5.6%","512","5.8%","775","6.3%","1,088","6.0%","673","5.9%","818","5.1%","505","4.9%","795","6.1%","996","5.4%"
"Male population 55 to 59 years","1,076","7.4%","2,473","6.3%","302","8.1%","502","8.0%","297","8.2%","334","5.9%","879","6.3%","2,833","7.3%","1,600","7.8%","1,217","6.7%","2,436","7.1%","1,778","5.5%","3,083","7.2%","1,231","8.2%","1,485","7.3%","434","8.9%","840","6.0%","2,232","6.6%","426","6.7%","482","5.5%","860","7.0%","1,518","8.4%","783","6.8%","1,173","7.3%","716","7.0%","898","6.9%","1,501","8.1%"
"Male population 60 to 64 years","986","6.8%","2,317","5.9%","261","7.0%","448","7.1%","280","7.7%","384","6.8%","786","5.6%","2,912","7.5%","1,340","6.5%","1,211","6.7%","2,049","5.9%","1,864","5.8%","2,665","6.2%","1,240","8.3%","1,511","7.4%","369","7.5%","823","5.9%","1,989","5.9%","416","6.6%","480","5.4%","850","6.9%","1,787","9.9%","753","6.6%","1,315","8.2%","882","8.6%","883","6.8%","1,901","10.2%"
"Male population 65 to 69 years","784","5.4%","1,974","5.0%","211","5.7%","376","6.0%","195","5.4%","352","6.2%","703","5.0%","2,381","6.2%","1,028","5.0%","930","5.1%","1,545","4.5%","1,453","4.5%","2,112","4.9%","1,097","7.3%","1,254","6.2%","272","5.6%","622","4.4%","1,591","4.7%","432","6.8%","396","4.5%","693","5.7%","2,228","12.4%","739","6.4%","1,586","9.9%","1,141","11.1%","837","6.4%","2,387","12.8%"
"Male population 70 to 74 years","734","5.0%","1,669","4.2%","203","5.4%","366","5.8%","173","4.8%","337","5.9%","678","4.9%","1,914","5.0%","716","3.5%","601","3.3%","1,353","3.9%","1,210","3.8%","1,602","3.7%","958","6.4%","890","4.4%","206","4.2%","487","3.5%","1,127","3.3%","399","6.3%","308","3.5%","615","5.0%","2,087","11.6%","632","5.5%","1,500","9.3%","1,111","10.8%","725","5.6%","2,239","12.0%"
"Male population 75 to 79 years","492","3.4%","1,251","3.2%","122","3.3%","255","4.0%","106","2.9%","194","3.4%","427","3.1%","1,358","3.5%","442","2.1%","401","2.2%","866","2.5%","813","2.5%","1,016","2.4%","701","4.7%","642","3.2%","123","2.5%","271","1.9%","707","2.1%","308","4.8%","224","2.5%","432","3.5%","1,359","7.5%","470","4.1%","941","5.9%","670","6.5%","479","3.7%","1,367","7.4%"
"Male population 80 to 84 years","248","1.7%","752","1.9%","73","2.0%","134","2.1%","68","1.9%","141","2.5%","238","1.7%","819","2.1%","213","1.0%","269","1.5%","476","1.4%","468","1.5%","556","1.3%","471","3.1%","382","1.9%","70","1.4%","172","1.2%","382","1.1%","155","2.4%","124","1.4%","201","1.6%","797","4.4%","257","2.2%","471","2.9%","308","3.0%","281","2.2%","766","4.1%"
"Male population 85 years and over","157","1.1%","639","1.6%","59","1.6%","63","1.0%","29","0.8%","107","1.9%","149","1.1%","811","2.1%","133","0.6%","283","1.6%","277","0.8%","462","1.4%","416","1.0%","505","3.4%","361","1.8%","40","0.8%","139","1.0%","337","1.0%","88","1.4%","92","1.0%","155","1.3%","547","3.0%","168","1.5%","352","2.2%","176","1.7%","233","1.8%","443","2.4%"
"Selected Age Categories","","","","","","","","","","","","","","","","","","","","","","","","","","","","","","","","","","","","","","","","","","","","","","","","","","","","","",""
"16 years and over","11,349","77.8%","30,965","78.8%","2,994","80.2%","5,053","80.0%","2,887","79.4%","4,422","78.0%","10,709","76.8%","31,466","81.5%","16,410","79.8%","14,442","79.8%","26,978","78.2%","27,069","84.3%","33,896","79.0%","12,511","83.3%","16,660","82.0%","3,987","81.4%","11,170","79.8%","26,291","78.1%","4,996","78.7%","7,003","79.5%","9,438","77.0%","16,137","89.5%","9,043","78.9%","13,318","83.0%","8,754","85.0%","10,143","78.0%","16,408","88.3%"
"18 years and over","10,900","74.7%","29,890","76.1%","2,916","78.1%","4,901","77.6%","2,752","75.7%","4,248","75.0%","10,260","73.5%","30,530","79.0%","15,740","76.5%","13,914","76.8%","25,829","74.8%","26,452","82.4%","32,632","76.1%","12,073","80.4%","16,139","79.4%","3,842","78.5%","10,835","77.4%","25,374","75.4%","4,820","75.9%","6,763","76.8%","9,092","74.2%","15,811","87.7%","8,715","76.0%","12,967","80.8%","8,565","83.2%","9,790","75.3%","16,072","86.5%"
"21 years and over","10,302","70.6%","27,472","69.9%","2,775","74.3%","4,640","73.5%","2,618","72.0%","4,061","71.7%","9,741","69.8%","29,236","75.7%","14,847","72.2%","13,208","72.9%","24,191","70.1%","23,357","72.8%","30,854","71.9%","11,505","76.6%","15,395","75.7%","3,603","73.6%","10,405","74.4%","24,112","71.6%","4,621","72.8%","6,366","72.3%","8,628","70.4%","15,452","85.7%","8,266","72.1%","12,506","77.9%","8,281","80.5%","9,297","71.5%","15,623","84.1%"
"62 years and over","2,992","20.5%","7,645","19.5%","810","21.7%","1,464","23.2%","734","20.2%","1,356","23.9%","2,670","19.1%","9,008","23.3%","3,342","16.3%","3,184","17.6%","5,678","16.5%","5,541","17.3%","7,266","16.9%","4,491","29.9%","4,441","21.8%","916","18.7%","2,157","15.4%","5,312","15.8%","1,627","25.6%","1,444","16.4%","2,553","20.8%","8,135","45.1%","2,709","23.6%","5,684","35.4%","3,970","38.6%","3,069","23.6%","8,380","45.1%"
"65 years and over","2,415","16.6%","6,285","16.0%","668","17.9%","1,194","18.9%","571","15.7%","1,131","20.0%","2,195","15.7%","7,283","18.9%","2,532","12.3%","2,484","13.7%","4,517","13.1%","4,406","13.7%","5,702","13.3%","3,732","24.8%","3,529","17.4%","711","14.5%","1,691","12.1%","4,144","12.3%","1,382","21.8%","1,144","13.0%","2,096","17.1%","7,018","38.9%","2,266","19.8%","4,850","30.2%","3,406","33.1%","2,555","19.7%","7,202","38.8%"
"Female population","15,381","100.0%","43,166","100.0%","3,886","100.0%","6,779","100.0%","3,679","100.0%","6,151","100.0%","15,630","100.0%","42,574","100.0%","21,841","100.0%","18,999","100.0%","34,164","100.0%","35,608","100.0%","47,565","100.0%","15,943","100.0%","22,462","100.0%","5,148","100.0%","14,477","100.0%","37,238","100.0%","6,721","100.0%","7,527","100.0%","12,892","100.0%","20,005","100.0%","12,324","100.0%","17,651","100.0%","11,340","100.0%","13,750","100.0%","20,328","100.0%"
"Female population Under 5 years","814","5.3%","2,491","5.8%","229","5.9%","347","5.1%","193","5.2%","351","5.7%","849","5.4%","1,983","4.7%","1,059","4.8%","1,016","5.3%","1,708","5.0%","1,514","4.3%","2,545","5.4%","520","3.3%","995","4.4%","202","3.9%","927","6.4%","2,089","5.6%","368","5.5%","467","6.2%","798","6.2%","534","2.7%","645","5.2%","671","3.8%","424","3.7%","775","5.6%","557","2.7%"
"Female population 5 to 9 years","988","6.4%","2,491","5.8%","236","6.1%","422","6.2%","217","5.9%","356","5.8%","1,039","6.6%","2,172","5.1%","1,211","5.5%","1,136","6.0%","2,320","6.8%","1,555","4.4%","2,679","5.6%","792","5.0%","1,117","5.0%","305","5.9%","815","5.6%","2,332","6.3%","464","6.9%","578","7.7%","828","6.4%","612","3.1%","755","6.1%","782","4.4%","426","3.8%","809","5.9%","655","3.2%"
"Female population 10 to 14 years","1,068","6.9%","2,593","6.0%","227","5.8%","424","6.3%","243","6.6%","370","6.0%","1,157","7.4%","2,305","5.4%","1,444","6.6%","1,115","5.9%","2,702","7.9%","1,538","4.3%","2,922","6.1%","1,007","6.3%","1,282","5.7%","354","6.9%","767","5.3%","2,345","6.3%","479","7.1%","574","7.6%","910","7.1%","642","3.2%","762","6.2%","888","5.0%","524","4.6%","850","6.2%","716","3.5%"
"Female population 15 to 19 years","962","6.3%","3,016","7.0%","241","6.2%","368","5.4%","264","7.2%","369","6.0%","1,023","6.5%","2,236","5.3%","1,447","6.6%","1,123","5.9%","2,497","7.3%","3,051","8.6%","2,799","5.9%","1,010","6.3%","1,281","5.7%","385","7.5%","670","4.6%","2,211","5.9%","386","5.7%","556","7.4%","805","6.2%","657","3.3%","758","6.2%","808","4.6%","434","3.8%","824","6.0%","777","3.8%"
"Female population 20 to 24 years","827","5.4%","3,724","8.6%","192","4.9%","368","5.4%","178","4.8%","326","5.3%","762","4.9%","1,995","4.7%","1,326","6.1%","1,082","5.7%","1,755","5.1%","6,583","18.5%","2,952","6.2%","783","4.9%","1,198","5.3%","323","6.3%","886","6.1%","2,174","5.8%","303","4.5%","490","6.5%","709","5.5%","573","2.9%","588","4.8%","676","3.8%","410","3.6%","741","5.4%","663","3.3%"
"Female population 25 to 29 years","809","5.3%","2,775","6.4%","221","5.7%","385","5.7%","171","4.6%","428","7.0%","896","5.7%","2,399","5.6%","1,364","6.2%","1,357","7.1%","1,612","4.7%","2,762","7.8%","3,480","7.3%","500","3.1%","1,301","5.8%","245","4.8%","1,256","8.7%","3,101","8.3%","327","4.9%","460","6.1%","765","5.9%","576","2.9%","640","5.2%","831","4.7%","441","3.9%","743","5.4%","684","3.4%"
"Female population 30 to 34 years","969","6.3%","2,717","6.3%","254","6.5%","409","6.0%","212","5.8%","423","6.9%","982","6.3%","2,810","6.6%","1,400","6.4%","1,440","7.6%","2,057","6.0%","2,069","5.8%","3,390","7.1%","610","3.8%","1,474","6.6%","245","4.8%","1,257","8.7%","3,116","8.4%","420","6.2%","472","6.3%","848","6.6%","672","3.4%","798","6.5%","854","4.8%","560","4.9%","795","5.8%","717","3.5%"
"Female population 35 to 39 years","1,000","6.5%","2,543","5.9%","218","5.6%","355","5.2%","233","6.3%","390","6.3%","1,098","7.0%","2,655","6.2%","1,484","6.8%","1,367","7.2%","2,350","6.9%","1,765","5.0%","3,219","6.8%","761","4.8%","1,422","6.3%","291","5.7%","1,212","8.4%","2,650","7.1%","401","6.0%","528","7.0%","811","6.3%","731","3.7%","725","5.9%","839","4.8%","519","4.6%","808","5.9%","717","3.5%"
"Female population 40 to 44 years","902","5.9%","2,245","5.2%","216","5.6%","353","5.2%","232","6.3%","309","5.0%","1,031","6.6%","2,517","5.9%","1,508","6.9%","1,200","6.3%","2,503","7.3%","1,642","4.6%","2,980","6.3%","843","5.3%","1,327","5.9%","345","6.7%","843","5.8%","2,171","5.8%","330","4.9%","420","5.6%","681","5.3%","750","3.7%","657","5.3%","779","4.4%","516","4.6%","770","5.6%","758","3.7%"
"Female population 45 to 49 years","943","6.1%","2,205","5.1%","238","6.1%","405","6.0%","256","7.0%","320","5.2%","992","6.3%","2,483","5.8%","1,573","7.2%","1,096","5.8%","2,516","7.4%","1,509","4.2%","3,008","6.3%","1,010","6.3%","1,291","5.7%","393","7.6%","811","5.6%","1,964","5.3%","355","5.3%","377","5.0%","724","5.6%","801","4.0%","682","5.5%","807","4.6%","515","4.5%","710","5.2%","864","4.3%"
"Female population 50 to 54 years","1,026","6.7%","2,381","5.5%","241","6.2%","453","6.7%","251","6.8%","326","5.3%","1,041","6.7%","2,875","6.8%","1,787","8.2%","1,216","6.4%","2,513","7.4%","1,875","5.3%","3,250","6.8%","1,176","7.4%","1,532","6.8%","415","8.1%","954","6.6%","2,238","6.0%","378","5.6%","401","5.3%","799","6.2%","1,104","5.5%","731","5.9%","966","5.5%","589","5.2%","933","6.8%","1,097","5.4%"
"Female population 55 to 59 years","1,170","7.6%","2,847","6.6%","303","7.8%","532","7.8%","307","8.3%","408","6.6%","976","6.2%","3,201","7.5%","1,700","7.8%","1,294","6.8%","2,392","7.0%","1,997","5.6%","3,383","7.1%","1,357","8.5%","1,726","7.7%","418","8.1%","963","6.7%","2,545","6.8%","440","6.5%","433","5.8%","929","7.2%","1,782","8.9%","920","7.5%","1,448","8.2%","921","8.1%","960","7.0%","1,792","8.8%"
"Female population 60 to 64 years","1,096","7.1%","2,744","6.4%","315","8.1%","543","8.0%","246","6.7%","439","7.1%","964","6.2%","3,230","7.6%","1,540","7.1%","1,337","7.0%","2,003","5.9%","1,990","5.6%","3,228","6.8%","1,292","8.1%","1,785","7.9%","378","7.3%","969","6.7%","2,337","6.3%","463","6.9%","435","5.8%","878","6.8%","2,443","12.2%","944","7.7%","1,731","9.8%","1,203","10.6%","963","7.0%","2,390","11.8%"
"Female population 65 to 69 years","919","6.0%","2,480","5.7%","252","6.5%","430","6.3%","231","6.3%","410","6.7%","890","5.7%","2,849","6.7%","1,149","5.3%","989","5.2%","1,712","5.0%","1,766","5.0%","2,762","5.8%","1,089","6.8%","1,552","6.9%","325","6.3%","717","5.0%","1,940","5.2%","503","7.5%","414","5.5%","773","6.0%","2,587","12.9%","872","7.1%","1,894","10.7%","1,414","12.5%","934","6.8%","2,704","13.3%"
"Female population 70 to 74 years","869","5.6%","2,158","5.0%","221","5.7%","375","5.5%","174","4.7%","400","6.5%","795","5.1%","2,312","5.4%","892","4.1%","788","4.1%","1,559","4.6%","1,434","4.0%","2,109","4.4%","974","6.1%","1,171","5.2%","227","4.4%","578","4.0%","1,496","4.0%","481","7.2%","340","4.5%","649","5.0%","2,389","11.9%","747","6.1%","1,626","9.2%","1,255","11.1%","850","6.2%","2,225","10.9%"
"Female population 75 to 79 years","505","3.3%","1,573","3.6%","132","3.4%","307","4.5%","153","4.2%","249","4.0%","552","3.5%","1,760","4.1%","498","2.3%","553","2.9%","968","2.8%","1,076","3.0%","1,343","2.8%","754","4.7%","847","3.8%","127","2.5%","362","2.5%","1,053","2.8%","330","4.9%","247","3.3%","468","3.6%","1,483","7.4%","489","4.0%","1,038","5.9%","637","5.6%","543","3.9%","1,488","7.3%"
"Female population 80 to 84 years","301","2.0%","1,129","2.6%","83","2.1%","170","2.5%","71","1.9%","150","2.4%","334","2.1%","1,176","2.8%","243","1.1%","408","2.1%","554","1.6%","644","1.8%","853","1.8%","591","3.7%","540","2.4%","87","1.7%","252","1.7%","686","1.8%","161","2.4%","186","2.5%","269","2.1%","840","4.2%","299","2.4%","557","3.2%","297","2.6%","368","2.7%","822","4.0%"
"Female population 85 years and over","213","1.4%","1,054","2.4%","67","1.7%","133","2.0%","47","1.3%","127","2.1%","249","1.6%","1,616","3.8%","216","1.0%","482","2.5%","443","1.3%","838","2.4%","663","1.4%","874","5.5%","621","2.8%","83","1.6%","238","1.6%","790","2.1%","132","2.0%","149","2.0%","248","1.9%","829","4.1%","312","2.5%","456","2.6%","255","2.2%","374","2.7%","702","3.5%"
"Selected Age Categories","","","","","","","","","","","","","","","","","","","","","","","","","","","","","","","","","","","","","","","","","","","","","","","","","","","","","",""
"16 years and over","12,316","80.1%","35,073","81.3%","3,140","80.8%","5,521","81.4%","2,974","80.8%","4,999","81.3%","12,336","78.9%","35,640","83.7%","17,812","81.6%","15,483","81.5%","26,884","78.7%","30,711","86.2%","38,877","81.7%","13,422","84.2%","18,845","83.9%","4,201","81.6%","11,837","81.8%","30,010","80.6%","5,337","79.4%","5,783","76.8%","10,165","78.8%","18,074","90.3%","10,030","81.4%","15,126","85.7%","9,880","87.1%","11,134","81.0%","18,255","89.8%"
"18 years and over","11,914","77.5%","34,021","78.8%","3,040","78.2%","5,352","78.9%","2,859","77.7%","4,845","78.8%","11,907","76.2%","34,725","81.6%","17,231","78.9%","15,015","79.0%","25,805","75.5%","30,073","84.5%","37,688","79.2%","12,973","81.4%","18,289","81.4%","4,049","78.7%","11,545","79.7%","29,123","78.2%","5,164","76.8%","5,570","74.0%","9,842","76.3%","17,782","88.9%","9,692","78.6%","14,808","83.9%","9,672","85.3%","10,826","78.7%","17,911","88.1%"
"21 years and over","11,365","73.9%","31,580","73.2%","2,903","74.7%","5,161","76.1%","2,725","74.1%","4,633","75.3%","11,425","73.1%","33,472","78.6%","16,385","75.0%","14,387","75.7%","24,575","71.9%","25,756","72.3%","36,078","75.8%","12,427","77.9%","17,526","78.0%","3,830","74.4%","11,104","76.7%","27,862","74.8%","4,974","74.0%","5,253","69.8%","9,400","72.9%","17,453","87.2%","9,304","75.5%","14,373","81.4%","9,467","83.5%","10,332","75.1%","17,492","86.0%"
"62 years and over","3,460","22.5%","10,000","23.2%","943","24.3%","1,729","25.5%","799","21.7%","1,603","26.1%","3,383","21.6%","11,667","27.4%","3,881","17.8%","3,966","20.9%","6,398","18.7%","6,990","19.6%","9,602","20.2%","5,020","31.5%","5,797","25.8%","1,083","21.0%","2,702","18.7%","7,356","19.8%","1,896","28.2%","1,578","21.0%","2,917","22.6%","9,673","48.4%","3,276","26.6%","6,628","37.6%","4,661","41.1%","3,668","26.7%","9,466","46.6%"
"65 years and over","2,807","18.2%","8,394","19.4%","755","19.4%","1,415","20.9%","676","18.4%","1,336","21.7%","2,820","18.0%","9,713","22.8%","2,998","13.7%","3,220","16.9%","5,236","15.3%","5,758","16.2%","7,730","16.3%","4,282","26.9%","4,731","21.1%","849","16.5%","2,147","14.8%","5,965","16.0%","1,607","23.9%","1,336","17.7%","2,407","18.7%","8,128","40.6%","2,719","22.1%","5,571","31.6%","3,858","34.0%","3,069","22.3%","7,941","39.1%"
"MEDIAN AGE BY SEX","","","","","","","","","","","","","","","","","","","","","","","","","","","","","","","","","","","","","","","","","","","","","","","","","","","","","",""
"Both sexes","40.2","(X)","36.4","(X)","42.1","(X)","42.5","(X)","42.0","(X)","39.8","(X)","38.8","(X)","43.6","(X)","39.5","(X)","38.1","(X)","39.1","(X)","31.5","(X)","38.2","(X)","50.0","(X)","42.6","(X)","43.2","(X)","36.3","(X)","36.0","(X)","41.8","(X)","35.6","(X)","39.4","(X)","60.5","(X)","41.7","(X)","53.0","(X)","55.5","(X)","41.7","(X)","60.0","(X)"
"Male","38.7","(X)","34.2","(X)","41.2","(X)","40.6","(X)","41.3","(X)","38.7","(X)","37.1","(X)","41.8","(X)","38.2","(X)","36.9","(X)","38.0","(X)","31.3","(X)","36.5","(X)","49.2","(X)","40.8","(X)","43.1","(X)","35.2","(X)","34.6","(X)","40.4","(X)","35.0","(X)","38.9","(X)","59.3","(X)","40.0","(X)","50.8","(X)","53.6","(X)","39.9","(X)","59.4","(X)"
"Female","41.2","(X)","38.3","(X)","42.8","(X)","44.3","(X)","42.6","(X)","40.8","(X)","40.0","(X)","45.4","(X)","40.5","(X)","39.5","(X)","40.2","(X)","31.8","(X)","39.7","(X)","50.7","(X)","44.4","(X)","43.4","(X)","37.6","(X)","37.4","(X)","43.0","(X)","36.4","(X)","39.8","(X)","61.4","(X)","43.5","(X)","54.7","(X)","56.7","(X)","43.3","(X)","60.4","(X)"
"RACE","","","","","","","","","","","","","","","","","","","","","","","","","","","","","","","","","","","","","","","","","","","","","","","","","","","","","",""
"Total population","29,972","100.0%","82,453","100.0%","7,619","100.0%","13,092","100.0%","7,315","100.0%","11,818","100.0%","29,582","100.0%","81,197","100.0%","42,405","100.0%","37,107","100.0%","68,675","100.0%","67,705","100.0%","90,459","100.0%","30,968","100.0%","42,789","100.0%","10,045","100.0%","28,471","100.0%","70,898","100.0%","13,072","100.0%","16,337","100.0%","25,153","100.0%","38,035","100.0%","23,790","100.0%","33,697","100.0%","21,633","100.0%","26,748","100.0%","38,913","100.0%"
"One Race","27,171","90.7%","74,886","90.8%","7,049","92.5%","12,104","92.5%","6,791","92.8%","10,775","91.2%","27,268","92.2%","76,387","94.1%","39,308","92.7%","32,836","88.5%","63,856","93.0%","62,169","91.8%","82,944","91.7%","29,316","94.7%","38,994","91.1%","9,287","92.5%","26,103","91.7%","65,820","92.8%","12,067","92.3%","14,706","90.0%","23,324","92.7%","35,956","94.5%","21,803","91.6%","30,964","91.9%","20,276","93.7%","24,623","92.1%","36,647","94.2%"
"One Race White","19,699","65.7%","42,541","51.6%","5,702","74.8%","9,866","75.4%","5,980","81.7%","7,397","62.6%","16,500","55.8%","55,834","68.8%","22,557","53.2%","21,808","58.8%","42,917","62.5%","43,166","63.8%","33,698","37.3%","24,625","79.5%","30,338","70.9%","5,515","54.9%","13,439","47.2%","20,334","28.7%","8,887","68.0%","8,283","50.7%","18,178","72.3%","33,305","87.6%","15,634","65.7%","25,152","74.6%","17,643","81.6%","15,713","58.7%","33,052","84.9%"
"One Race Black or African American","5,710","19.1%","26,002","31.5%","1,098","14.4%","1,805","13.8%","598","8.2%","2,484","21.0%","9,301","31.4%","12,822","15.8%","10,904","25.7%","5,515","14.9%","16,005","23.3%","11,058","16.3%","36,950","40.8%","960","3.1%","2,909","6.8%","2,671","26.6%","6,896","24.2%","39,854","56.2%","1,758","13.4%","2,263","13.9%","3,649","14.5%","1,170","3.1%","3,814","16.0%","3,207","9.5%","1,374","6.4%","6,460","24.2%","1,662","4.3%"
"One Race American Indian and Alaska Native","230","0.8%","607","0.7%","31","0.4%","54","0.4%","50","0.7%","71","0.6%","106","0.4%","210","0.3%","123","0.3%","275","0.7%","152","0.2%","215","0.3%","542","0.6%","27","0.1%","183","0.4%","40","0.4%","101","0.4%","288","0.4%","79","0.6%","336","2.1%","138","0.5%","145","0.4%","179","0.8%","415","1.2%","157","0.7%","239","0.9%","155","0.4%"
"One Race Asian","717","2.4%","2,745","3.3%","73","1.0%","109","0.8%","49","0.7%","158","1.3%","578","2.0%","5,695","7.0%","4,330","10.2%","571","1.5%","3,101","4.5%","5,081","7.5%","3,540","3.9%","3,279","10.6%","3,420","8.0%","786","7.8%","4,465","15.7%","932","1.3%","139","1.1%","99","0.6%","337","1.3%","647","1.7%","245","1.0%","456","1.4%","307","1.4%","402","1.5%","438","1.1%"
"One Race Native Hawaiian and Other Pacific Islander","16","0.1%","83","0.1%","3","0.0%","0","0.0%","8","0.1%","8","0.1%","7","0.0%","21","0.0%","7","0.0%","17","0.0%","17","0.0%","23","0.0%","39","0.0%","7","0.0%","5","0.0%","5","0.0%","6","0.0%","28","0.0%","11","0.1%","25","0.2%","10","0.0%","18","0.0%","14","0.1%","6","0.0%","4","0.0%","5","0.0%","19","0.0%"
"One Race Some Other Race","799","2.7%","2,908","3.5%","142","1.9%","270","2.1%","106","1.4%","657","5.6%","776","2.6%","1,805","2.2%","1,387","3.3%","4,650","12.5%","1,664","2.4%","2,626","3.9%","8,175","9.0%","418","1.3%","2,139","5.0%","270","2.7%","1,196","4.2%","4,384","6.2%","1,193","9.1%","3,700","22.6%","1,012","4.0%","671","1.8%","1,917","8.1%","1,728","5.1%","791","3.7%","1,804","6.7%","1,321","3.4%"
"Two or More Races","2,801","9.3%","7,567","9.2%","570","7.5%","988","7.5%","524","7.2%","1,043","8.8%","2,314","7.8%","4,810","5.9%","3,097","7.3%","4,271","11.5%","4,819","7.0%","5,536","8.2%","7,515","8.3%","1,652","5.3%","3,795","8.9%","758","7.5%","2,368","8.3%","5,078","7.2%","1,005","7.7%","1,631","10.0%","1,829","7.3%","2,079","5.5%","1,987","8.4%","2,733","8.1%","1,357","6.3%","2,125","7.9%","2,266","5.8%"
"TOTAL RACES TALLIED [1]","","","","","","","","","","","","","","","","","","","","","","","","","","","","","","","","","","","","","","","","","","","","","","","","","","","","","",""
"Total races tallied","33,024","110.2%","90,761","110.1%","8,245","108.2%","14,156","108.1%","7,879","107.7%","12,941","109.5%","32,133","108.6%","86,421","106.4%","45,733","107.8%","41,609","112.1%","73,872","107.6%","73,580","108.7%","98,579","109.0%","32,719","105.7%","46,823","109.4%","10,846","108.0%","31,003","108.9%","76,513","107.9%","14,132","108.1%","18,016","110.3%","27,072","107.6%","40,235","105.8%","25,903","108.9%","36,560","108.5%","23,069","106.6%","29,011","108.5%","41,309","106.2%"
"White alone or in combination with one or more other races","22,137","73.9%","48,920","59.3%","6,221","81.7%","10,789","82.4%","6,465","88.4%","8,278","70.0%","18,451","62.4%","60,138","74.1%","25,180","59.4%","25,719","69.3%","47,093","68.6%","48,149","71.1%","39,972","44.2%","26,207","84.6%","33,904","79.2%","6,169","61.4%","15,537","54.6%","24,258","34.2%","9,801","75.0%","9,789","59.9%","19,854","78.9%","35,247","92.7%","17,447","73.3%","27,699","82.2%","18,924","87.5%","17,630","65.9%","35,220","90.5%"
"Black or African American alone or in combination with one or more other races","6,891","23.0%","29,563","35.9%","1,282","16.8%","2,183","16.7%","758","10.4%","2,916","24.7%","10,298","34.8%","14,338","17.7%","12,144","28.6%","6,522","17.6%","17,764","25.9%","12,922","19.1%","39,836","44.0%","1,199","3.9%","3,686","8.6%","2,976","29.6%","7,669","26.9%","42,341","59.7%","2,041","15.6%","2,516","15.4%","4,205","16.7%","1,636","4.3%","4,380","18.4%","3,914","11.6%","1,671","7.7%","7,207","26.9%","2,086","5.4%"
"American Indian and Alaska Native alone or in combination with one or more other races","947","3.2%","2,412","2.9%","270","3.5%","375","2.9%","248","3.4%","349","3.0%","761","2.6%","1,214","1.5%","752","1.8%","866","2.3%","1,323","1.9%","1,131","1.7%","1,896","2.1%","266","0.9%","769","1.8%","218","2.2%","547","1.9%","1,343","1.9%","354","2.7%","588","3.6%","604","2.4%","609","1.6%","645","2.7%","1,061","3.1%","463","2.1%","774","2.9%","607","1.6%"
"Asian alone or in combination with one or more other races","1,150","3.8%","3,653","4.4%","134","1.8%","185","1.4%","106","1.4%","274","2.3%","897","3.0%","6,472","8.0%","4,787","11.3%","807","2.2%","3,807","5.5%","5,795","8.6%","4,167","4.6%","3,684","11.9%","3,802","8.9%","868","8.6%","4,732","16.6%","1,378","1.9%","207","1.6%","160","1.0%","461","1.8%","884","2.3%","363","1.5%","610","1.8%","428","2.0%","528","2.0%","630","1.6%"
"Native Hawaiian and Other Pacific Islander alone or in combination with one or more other races","92","0.3%","205","0.2%","13","0.2%","20","0.2%","20","0.3%","31","0.3%","50","0.2%","84","0.1%","40","0.1%","55","0.1%","97","0.1%","104","0.2%","144","0.2%","38","0.1%","34","0.1%","9","0.1%","41","0.1%","126","0.2%","22","0.2%","38","0.2%","53","0.2%","46","0.1%","47","0.2%","32","0.1%","14","0.1%","48","0.2%","44","0.1%"
"Some Other Race alone or in combination with one or more other races","1,807","6.0%","6,008","7.3%","325","4.3%","604","4.6%","282","3.9%","1,093","9.2%","1,676","5.7%","4,175","5.1%","2,830","6.7%","7,640","20.6%","3,788","5.5%","5,479","8.1%","12,564","13.9%","1,325","4.3%","4,628","10.8%","606","6.0%","2,477","8.7%","7,067","10.0%","1,707","13.1%","4,925","30.1%","1,895","7.5%","1,813","4.8%","3,021","12.7%","3,244","9.6%","1,569","7.3%","2,824","10.6%","2,722","7.0%"
"HISPANIC OR LATINO","","","","","","","","","","","","","","","","","","","","","","","","","","","","","","","","","","","","","","","","","","","","","","","","","","","","","",""
"Total population","29,972","100.0%","82,453","100.0%","7,619","100.0%","13,092","100.0%","7,315","100.0%","11,818","100.0%","29,582","100.0%","81,197","100.0%","42,405","100.0%","37,107","100.0%","68,675","100.0%","67,705","100.0%","90,459","100.0%","30,968","100.0%","42,789","100.0%","10,045","100.0%","28,471","100.0%","70,898","100.0%","13,072","100.0%","16,337","100.0%","25,153","100.0%","38,035","100.0%","23,790","100.0%","33,697","100.0%","21,633","100.0%","26,748","100.0%","38,913","100.0%"
"Hispanic or Latino (of any race)","2,295","7.7%","6,894","8.4%","356","4.7%","698","5.3%","337","4.6%","1,355","11.5%","2,046","6.9%","4,421","5.4%","3,231","7.6%","9,550","25.7%","4,411","6.4%","6,794","10.0%","15,477","17.1%","1,230","4.0%","5,357","12.5%","653","6.5%","2,969","10.4%","9,423","13.3%","1,988","15.2%","5,917","36.2%","2,071","8.2%","1,746","4.6%","3,576","15.0%","3,503","10.4%","1,754","8.1%","3,323","12.4%","2,915","7.5%"
"Not Hispanic or Latino","27,677","92.3%","75,559","91.6%","7,263","95.3%","12,394","94.7%","6,978","95.4%","10,463","88.5%","27,536","93.1%","76,776","94.6%","39,174","92.4%","27,557","74.3%","64,264","93.6%","60,911","90.0%","74,982","82.9%","29,738","96.0%","37,432","87.5%","9,392","93.5%","25,502","89.6%","61,475","86.7%","11,084","84.8%","10,420","63.8%","23,082","91.8%","36,289","95.4%","20,214","85.0%","30,194","89.6%","19,879","91.9%","23,425","87.6%","35,998","92.5%"
"HISPANIC OR LATINO BY RACE","","","","","","","","","","","","","","","","","","","","","","","","","","","","","","","","","","","","","","","","","","","","","","","","","","","","","",""
"Total population","29,972","100.0%","82,453","100.0%","7,619","100.0%","13,092","100.0%","7,315","100.0%","11,818","100.0%","29,582","100.0%","81,197","100.0%","42,405","100.0%","37,107","100.0%","68,675","100.0%","67,705","100.0%","90,459","100.0%","30,968","100.0%","42,789","100.0%","10,045","100.0%","28,471","100.0%","70,898","100.0%","13,072","100.0%","16,337","100.0%","25,153","100.0%","38,035","100.0%","23,790","100.0%","33,697","100.0%","21,633","100.0%","26,748","100.0%","38,913","100.0%"
"Hispanic or Latino","2,295","7.7%","6,894","8.4%","356","4.7%","698","5.3%","337","4.6%","1,355","11.5%","2,046","6.9%","4,421","5.4%","3,231","7.6%","9,550","25.7%","4,411","6.4%","6,794","10.0%","15,477","17.1%","1,230","4.0%","5,357","12.5%","653","6.5%","2,969","10.4%","9,423","13.3%","1,988","15.2%","5,917","36.2%","2,071","8.2%","1,746","4.6%","3,576","15.0%","3,503","10.4%","1,754","8.1%","3,323","12.4%","2,915","7.5%"
"Hispanic or Latino White alone","562","1.9%","1,290","1.6%","65","0.9%","164","1.3%","74","1.0%","244","2.1%","441","1.5%","772","1.0%","583","1.4%","1,550","4.2%","990","1.4%","1,463","2.2%","2,313","2.6%","255","0.8%","942","2.2%","160","1.6%","496","1.7%","1,442","2.0%","308","2.4%","750","4.6%","376","1.5%","335","0.9%","590","2.5%","492","1.5%","291","1.3%","511","1.9%","453","1.2%"
"Hispanic or Latino Black or African American alone","171","0.6%","661","0.8%","25","0.3%","36","0.3%","20","0.3%","89","0.8%","259","0.9%","296","0.4%","270","0.6%","351","0.9%","370","0.5%","356","0.5%","898","1.0%","34","0.1%","112","0.3%","42","0.4%","200","0.7%","1,227","1.7%","74","0.6%","24","0.1%","67","0.3%","32","0.1%","92","0.4%","70","0.2%","46","0.2%","91","0.3%","26","0.1%"
"Hispanic or Latino American Indian and Alaska Native alone","62","0.2%","135","0.2%","10","0.1%","18","0.1%","7","0.1%","31","0.3%","22","0.1%","85","0.1%","48","0.1%","230","0.6%","57","0.1%","134","0.2%","355","0.4%","7","0.0%","123","0.3%","14","0.1%","38","0.1%","172","0.2%","53","0.4%","288","1.8%","69","0.3%","42","0.1%","117","0.5%","143","0.4%","89","0.4%","169","0.6%","109","0.3%"
"Hispanic or Latino Asian alone","13","0.0%","40","0.0%","0","0.0%","1","0.0%","0","0.0%","2","0.0%","11","0.0%","27","0.0%","16","0.0%","9","0.0%","18","0.0%","20","0.0%","37","0.0%","7","0.0%","9","0.0%","0","0.0%","10","0.0%","25","0.0%","3","0.0%","14","0.1%","1","0.0%","7","0.0%","13","0.1%","9","0.0%","1","0.0%","5","0.0%","3","0.0%"
"Hispanic or Latino Native Hawaiian and Other Pacific Islander alone","0","0.0%","13","0.0%","1","0.0%","0","0.0%","0","0.0%","1","0.0%","3","0.0%","2","0.0%","0","0.0%","10","0.0%","2","0.0%","9","0.0%","15","0.0%","0","0.0%","2","0.0%","0","0.0%","1","0.0%","7","0.0%","8","0.1%","20","0.1%","5","0.0%","2","0.0%","2","0.0%","1","0.0%","0","0.0%","0","0.0%","4","0.0%"
"Hispanic or Latino Some Other Race alone","623","2.1%","2,398","2.9%","94","1.2%","213","1.6%","90","1.2%","616","5.2%","596","2.0%","1,427","1.8%","1,146","2.7%","4,500","12.1%","1,341","2.0%","2,398","3.5%","7,761","8.6%","312","1.0%","2,001","4.7%","188","1.9%","1,043","3.7%","4,042","5.7%","1,123","8.6%","3,639","22.3%","872","3.5%","516","1.4%","1,794","7.5%","1,609","4.8%","704","3.3%","1,668","6.2%","1,194","3.1%"
"Hispanic or Latino Two or More Races","864","2.9%","2,357","2.9%","161","2.1%","266","2.0%","146","2.0%","372","3.1%","714","2.4%","1,812","2.2%","1,168","2.8%","2,900","7.8%","1,633","2.4%","2,414","3.6%","4,098","4.5%","615","2.0%","2,168","5.1%","249","2.5%","1,181","4.1%","2,508","3.5%","419","3.2%","1,182","7.2%","681","2.7%","812","2.1%","968","4.1%","1,179","3.5%","623","2.9%","879","3.3%","1,126","2.9%"
"Not Hispanic or Latino","27,677","92.3%","75,559","91.6%","7,263","95.3%","12,394","94.7%","6,978","95.4%","10,463","88.5%","27,536","93.1%","76,776","94.6%","39,174","92.4%","27,557","74.3%","64,264","93.6%","60,911","90.0%","74,982","82.9%","29,738","96.0%","37,432","87.5%","9,392","93.5%","25,502","89.6%","61,475","86.7%","11,084","84.8%","10,420","63.8%","23,082","91.8%","36,289","95.4%","20,214","85.0%","30,194","89.6%","19,879","91.9%","23,425","87.6%","35,998","92.5%"
"Not Hispanic or Latino White alone","19,137","63.8%","41,251","50.0%","5,637","74.0%","9,702","74.1%","5,906","80.7%","7,153","60.5%","16,059","54.3%","55,062","67.8%","21,974","51.8%","20,258","54.6%","41,927","61.1%","41,703","61.6%","31,385","34.7%","24,370","78.7%","29,396","68.7%","5,355","53.3%","12,943","45.5%","18,892","26.6%","8,579","65.6%","7,533","46.1%","17,802","70.8%","32,970","86.7%","15,044","63.2%","24,660","73.2%","17,352","80.2%","15,202","56.8%","32,599","83.8%"
"Not Hispanic or Latino Black or African American alone","5,539","18.5%","25,341","30.7%","1,073","14.1%","1,769","13.5%","578","7.9%","2,395","20.3%","9,042","30.6%","12,526","15.4%","10,634","25.1%","5,164","13.9%","15,635","22.8%","10,702","15.8%","36,052","39.9%","926","3.0%","2,797","6.5%","2,629","26.2%","6,696","23.5%","38,627","54.5%","1,684","12.9%","2,239","13.7%","3,582","14.2%","1,138","3.0%","3,722","15.6%","3,137","9.3%","1,328","6.1%","6,369","23.8%","1,636","4.2%"
"Not Hispanic or Latino American Indian and Alaska Native alone","168","0.6%","472","0.6%","21","0.3%","36","0.3%","43","0.6%","40","0.3%","84","0.3%","125","0.2%","75","0.2%","45","0.1%","95","0.1%","81","0.1%","187","0.2%","20","0.1%","60","0.1%","26","0.3%","63","0.2%","116","0.2%","26","0.2%","48","0.3%","69","0.3%","103","0.3%","62","0.3%","272","0.8%","68","0.3%","70","0.3%","46","0.1%"
"Not Hispanic or Latino Asian alone","704","2.3%","2,705","3.3%","73","1.0%","108","0.8%","49","0.7%","156","1.3%","567","1.9%","5,668","7.0%","4,314","10.2%","562","1.5%","3,083","4.5%","5,061","7.5%","3,503","3.9%","3,272","10.6%","3,411","8.0%","786","7.8%","4,455","15.6%","907","1.3%","136","1.0%","85","0.5%","336","1.3%","640","1.7%","232","1.0%","447","1.3%","306","1.4%","397","1.5%","435","1.1%"
"Not Hispanic or Latino Native Hawaiian and Other Pacific Islander alone","16","0.1%","70","0.1%","2","0.0%","0","0.0%","8","0.1%","7","0.1%","4","0.0%","19","0.0%","7","0.0%","7","0.0%","15","0.0%","14","0.0%","24","0.0%","7","0.0%","3","0.0%","5","0.0%","5","0.0%","21","0.0%","3","0.0%","5","0.0%","5","0.0%","16","0.0%","12","0.1%","5","0.0%","4","0.0%","5","0.0%","15","0.0%"
"Not Hispanic or Latino Some Other Race alone","176","0.6%","510","0.6%","48","0.6%","57","0.4%","16","0.2%","41","0.3%","180","0.6%","378","0.5%","241","0.6%","150","0.4%","323","0.5%","228","0.3%","414","0.5%","106","0.3%","138","0.3%","82","0.8%","153","0.5%","342","0.5%","70","0.5%","61","0.4%","140","0.6%","155","0.4%","123","0.5%","119","0.4%","87","0.4%","136","0.5%","127","0.3%"
"Not Hispanic or Latino Two or More Races","1,937","6.5%","5,210","6.3%","409","5.4%","722","5.5%","378","5.2%","671","5.7%","1,600","5.4%","2,998","3.7%","1,929","4.5%","1,371","3.7%","3,186","4.6%","3,122","4.6%","3,417","3.8%","1,037","3.3%","1,627","3.8%","509","5.1%","1,187","4.2%","2,570","3.6%","586","4.5%","449","2.7%","1,148","4.6%","1,267","3.3%","1,019","4.3%","1,554","4.6%","734","3.4%","1,246","4.7%","1,140","2.9%"
"RELATIONSHIP","","","","","","","","","","","","","","","","","","","","","","","","","","","","","","","","","","","","","","","","","","","","","","","","","","","","","",""
"Total population","29,972","100.0%","82,453","100.0%","7,619","100.0%","13,092","100.0%","7,315","100.0%","11,818","100.0%","29,582","100.0%","81,197","100.0%","42,405","100.0%","37,107","100.0%","68,675","100.0%","67,705","100.0%","90,459","100.0%","30,968","100.0%","42,789","100.0%","10,045","100.0%","28,471","100.0%","70,898","100.0%","13,072","100.0%","16,337","100.0%","25,153","100.0%","38,035","100.0%","23,790","100.0%","33,697","100.0%","21,633","100.0%","26,748","100.0%","38,913","100.0%"
"In households","29,949","99.9%","78,785","95.6%","7,612","99.9%","13,091","100.0%","7,315","100.0%","11,742","99.4%","29,276","99.0%","80,173","98.7%","42,327","99.8%","36,973","99.6%","66,335","96.6%","59,936","88.5%","89,841","99.3%","30,130","97.3%","42,253","98.7%","9,983","99.4%","28,343","99.6%","68,526","96.7%","13,000","99.4%","14,791","90.5%","25,078","99.7%","37,779","99.3%","23,559","99.0%","33,404","99.1%","21,619","99.9%","26,482","99.0%","38,901","100.0%"
"Householder","10,798","36.0%","31,281","37.9%","2,966","38.9%","5,100","39.0%","2,621","35.8%","4,722","40.0%","10,751","36.3%","33,790","41.6%","15,434","36.4%","14,911","40.2%","22,551","32.8%","24,259","35.8%","34,647","38.3%","11,637","37.6%","17,592","41.1%","3,440","34.2%","11,053","38.8%","30,228","42.6%","4,900","37.5%","4,939","30.2%","9,297","37.0%","18,470","48.6%","9,026","37.9%","14,346","42.6%","9,457","43.7%","10,105","37.8%","17,933","46.1%"
"Opposite-sex spouse","5,987","20.0%","12,938","15.7%","1,501","19.7%","2,451","18.7%","1,544","21.1%","2,017","17.1%","5,424","18.3%","15,823","19.5%","8,292","19.6%","5,543","14.9%","14,078","20.5%","10,060","14.9%","13,121","14.5%","7,748","25.0%","8,214","19.2%","1,993","19.8%","4,940","17.4%","6,369","9.0%","2,502","19.1%","2,314","14.2%","4,627","18.4%","8,659","22.8%","4,328","18.2%","7,069","21.0%","5,015","23.2%","4,683","17.5%","9,924","25.5%"
"Same-sex spouse","42","0.1%","174","0.2%","11","0.1%","28","0.2%","4","0.1%","38","0.3%","69","0.2%","257","0.3%","66","0.2%","86","0.2%","122","0.2%","127","0.2%","187","0.2%","55","0.2%","75","0.2%","23","0.2%","53","0.2%","213","0.3%","23","0.2%","23","0.1%","40","0.2%","876","2.3%","77","0.3%","163","0.5%","211","1.0%","48","0.2%","103","0.3%"
"Opposite-sex unmarried partner","773","2.6%","2,120","2.6%","204","2.7%","385","2.9%","189","2.6%","341","2.9%","763","2.6%","1,976","2.4%","946","2.2%","1,217","3.3%","1,262","1.8%","1,437","2.1%","2,496","2.8%","389","1.3%","1,125","2.6%","210","2.1%","752","2.6%","2,285","3.2%","384","2.9%","376","2.3%","694","2.8%","842","2.2%","712","3.0%","947","2.8%","584","2.7%","716","2.7%","880","2.3%"
"Same-sex unmarried partner","33","0.1%","70","0.1%","11","0.1%","27","0.2%","12","0.2%","21","0.2%","28","0.1%","124","0.2%","51","0.1%","51","0.1%","48","0.1%","74","0.1%","139","0.2%","13","0.0%","41","0.1%","5","0.0%","54","0.2%","220","0.3%","19","0.1%","21","0.1%","28","0.1%","300","0.8%","35","0.1%","56","0.2%","89","0.4%","30","0.1%","69","0.2%"
"Child [2]","9,120","30.4%","23,019","27.9%","2,125","27.9%","3,551","27.1%","2,229","30.5%","3,264","27.6%","9,273","31.3%","22,200","27.3%","13,336","31.4%","10,949","29.5%","22,541","32.8%","15,591","23.0%","27,356","30.2%","8,857","28.6%","11,975","28.0%","3,209","31.9%","8,226","28.9%","20,211","28.5%","3,727","28.5%","4,423","27.1%","7,532","29.9%","6,180","16.2%","6,589","27.7%","7,507","22.3%","4,474","20.7%","7,511","28.1%","7,048","18.1%"
"Under 18 years","6,090","20.3%","15,480","18.8%","1,348","17.7%","2,248","17.2%","1,426","19.5%","2,240","19.0%","6,334","21.4%","14,342","17.7%","8,219","19.4%","6,821","18.4%","15,213","22.2%","9,790","14.5%","16,390","18.1%","5,620","18.1%","7,561","17.7%","1,828","18.2%","5,221","18.3%","13,439","19.0%","2,580","19.7%","3,163","19.4%","5,185","20.6%","3,828","10.1%","4,407","18.5%","4,811","14.3%","2,897","13.4%","4,973","18.6%","4,146","10.7%"
"Grandchild","977","3.3%","2,582","3.1%","282","3.7%","567","4.3%","303","4.1%","348","2.9%","897","3.0%","1,555","1.9%","1,150","2.7%","1,157","3.1%","1,595","2.3%","1,313","1.9%","3,632","4.0%","285","0.9%","801","1.9%","312","3.1%","883","3.1%","2,743","3.9%","456","3.5%","447","2.7%","916","3.6%","551","1.4%","780","3.3%","995","3.0%","453","2.1%","1,027","3.8%","775","2.0%"
"Grandchild Under 18 years","743","2.5%","1,953","2.4%","221","2.9%","426","3.3%","222","3.0%","262","2.2%","685","2.3%","1,088","1.3%","877","2.1%","874","2.4%","1,255","1.8%","928","1.4%","2,719","3.0%","197","0.6%","563","1.3%","216","2.2%","659","2.3%","1,989","2.8%","343","2.6%","339","2.1%","689","2.7%","394","1.0%","610","2.6%","716","2.1%","323","1.5%","754","2.8%","534","1.4%"
"Other relatives","1,340","4.5%","3,664","4.4%","282","3.7%","588","4.5%","250","3.4%","621","5.3%","1,376","4.7%","2,825","3.5%","1,937","4.6%","1,897","5.1%","2,930","4.3%","2,181","3.2%","5,308","5.9%","765","2.5%","1,474","3.4%","584","5.8%","1,430","5.0%","3,615","5.1%","597","4.6%","1,203","7.4%","1,180","4.7%","982","2.6%","1,232","5.2%","1,446","4.3%","772","3.6%","1,426","5.3%","1,358","3.5%"
"Nonrelatives","879","2.9%","2,937","3.6%","230","3.0%","394","3.0%","163","2.2%","370","3.1%","695","2.3%","1,623","2.0%","1,115","2.6%","1,162","3.1%","1,208","1.8%","4,894","7.2%","2,955","3.3%","381","1.2%","956","2.2%","207","2.1%","952","3.3%","2,642","3.7%","392","3.0%","1,045","6.4%","764","3.0%","919","2.4%","780","3.3%","875","2.6%","564","2.6%","936","3.5%","811","2.1%"
"In group quarters","23","0.1%","3,668","4.4%","7","0.1%","1","0.0%","0","0.0%","76","0.6%","306","1.0%","1,024","1.3%","78","0.2%","134","0.4%","2,340","3.4%","7,769","11.5%","618","0.7%","838","2.7%","536","1.3%","62","0.6%","128","0.4%","2,372","3.3%","72","0.6%","1,546","9.5%","75","0.3%","256","0.7%","231","1.0%","293","0.9%","14","0.1%","266","1.0%","12","0.0%"
"Institutionalized population:","0","0.0%","632","0.8%","0","0.0%","0","0.0%","0","0.0%","75","0.6%","272","0.9%","757","0.9%","0","0.0%","72","0.2%","1,737","2.5%","274","0.4%","510","0.6%","806","2.6%","229","0.5%","23","0.2%","75","0.3%","1,865","2.6%","43","0.3%","1,431","8.8%","70","0.3%","219","0.6%","174","0.7%","281","0.8%","0","0.0%","210","0.8%","0","0.0%"
"Institutionalized population Male","0","0.0%","272","0.3%","0","0.0%","0","0.0%","0","0.0%","66","0.6%","125","0.4%","234","0.3%","0","0.0%","58","0.2%","1,672","2.4%","63","0.1%","151","0.2%","265","0.9%","84","0.2%","18","0.2%","23","0.1%","1,575","2.2%","23","0.2%","1,331","8.1%","31","0.1%","72","0.2%","46","0.2%","119","0.4%","0","0.0%","78","0.3%","0","0.0%"
"Institutionalized population Female","0","0.0%","360","0.4%","0","0.0%","0","0.0%","0","0.0%","9","0.1%","147","0.5%","523","0.6%","0","0.0%","14","0.0%","65","0.1%","211","0.3%","359","0.4%","541","1.7%","145","0.3%","5","0.0%","52","0.2%","290","0.4%","20","0.2%","100","0.6%","39","0.2%","147","0.4%","128","0.5%","162","0.5%","0","0.0%","132","0.5%","0","0.0%"
"Noninstitutionalized population:","23","0.1%","3,036","3.7%","7","0.1%","1","0.0%","0","0.0%","1","0.0%","34","0.1%","267","0.3%","78","0.2%","62","0.2%","603","0.9%","7,495","11.1%","108","0.1%","32","0.1%","307","0.7%","39","0.4%","53","0.2%","507","0.7%","29","0.2%","115","0.7%","5","0.0%","37","0.1%","57","0.2%","12","0.0%","14","0.1%","56","0.2%","12","0.0%"
"Noninstitutionalized population Male","10","0.0%","1,630","2.0%","4","0.1%","1","0.0%","0","0.0%","1","0.0%","18","0.1%","104","0.1%","38","0.1%","44","0.1%","574","0.8%","3,064","4.5%","74","0.1%","22","0.1%","99","0.2%","30","0.3%","29","0.1%","308","0.4%","14","0.1%","92","0.6%","1","0.0%","27","0.1%","20","0.1%","6","0.0%","12","0.1%","42","0.2%","4","0.0%"
"Noninstitutionalized population Female","13","0.0%","1,406","1.7%","3","0.0%","0","0.0%","0","0.0%","0","0.0%","16","0.1%","163","0.2%","40","0.1%","18","0.0%","29","0.0%","4,431","6.5%","34","0.0%","10","0.0%","208","0.5%","9","0.1%","24","0.1%","199","0.3%","15","0.1%","23","0.1%","4","0.0%","10","0.0%","37","0.2%","6","0.0%","2","0.0%","14","0.1%","8","0.0%"
"HOUSEHOLDS BY TYPE","","","","","","","","","","","","","","","","","","","","","","","","","","","","","","","","","","","","","","","","","","","","","","","","","","","","","",""
"Total households","10,820","100.0%","31,315","100.0%","2,964","100.0%","5,103","100.0%","2,615","100.0%","4,736","100.0%","10,737","100.0%","33,865","100.0%","15,435","100.0%","14,886","100.0%","22,558","100.0%","24,267","100.0%","34,685","100.0%","11,659","100.0%","17,592","100.0%","3,420","100.0%","11,040","100.0%","30,164","100.0%","4,892","100.0%","4,928","100.0%","9,289","100.0%","18,508","100.0%","9,038","100.0%","14,340","100.0%","9,456","100.0%","10,109","100.0%","17,954","100.0%"
"Married couple household","6,037","55.8%","13,100","41.8%","1,516","51.1%","2,473","48.5%","1,549","59.2%","2,065","43.6%","5,486","51.1%","16,098","47.5%","8,347","54.1%","5,616","37.7%","14,177","62.8%","10,169","41.9%","13,346","38.5%","7,804","66.9%","8,272","47.0%","2,031","59.4%","5,009","45.4%","6,588","21.8%","2,530","51.7%","2,338","47.4%","4,646","50.0%","9,521","51.4%","4,385","48.5%","7,243","50.5%","5,252","55.5%","4,721","46.7%","10,057","56.0%"
"Married couple household With own children under 18 [3]","2,164","20.0%","4,447","14.2%","500","16.9%","744","14.6%","577","22.1%","636","13.4%","2,234","20.8%","5,628","16.6%","3,289","21.3%","2,146","14.4%","6,249","27.7%","3,450","14.2%","4,800","13.8%","2,639","22.6%","2,976","16.9%","738","21.6%","2,059","18.7%","2,240","7.4%","752","15.4%","872","17.7%","1,605","17.3%","1,469","7.9%","1,370","15.2%","1,444","10.1%","1,080","11.4%","1,444","14.3%","1,536","8.6%"
"Cohabiting couple household","800","7.4%","2,221","7.1%","216","7.3%","406","8.0%","201","7.7%","360","7.6%","781","7.3%","2,124","6.3%","991","6.4%","1,264","8.5%","1,333","5.9%","1,506","6.2%","2,629","7.6%","420","3.6%","1,149","6.5%","221","6.5%","802","7.3%","2,485","8.2%","398","8.1%","400","8.1%","725","7.8%","1,154","6.2%","743","8.2%","1,018","7.1%","681","7.2%","736","7.3%","944","5.3%"
"Cohabiting couple household With own children under 18 [3]","343","3.2%","839","2.7%","62","2.1%","144","2.8%","62","2.4%","133","2.8%","314","2.9%","569","1.7%","365","2.4%","484","3.3%","508","2.3%","405","1.7%","963","2.8%","113","1.0%","361","2.1%","80","2.3%","213","1.9%","790","2.6%","173","3.5%","210","4.3%","282","3.0%","173","0.9%","272","3.0%","319","2.2%","193","2.0%","299","3.0%","239","1.3%"
"Male householder, no spouse or partner present:","1,481","13.7%","5,708","18.2%","528","17.8%","864","16.9%","359","13.7%","830","17.5%","1,497","13.9%","5,760","17.0%","2,278","14.8%","3,180","21.4%","2,548","11.3%","5,123","21.1%","6,789","19.6%","1,384","11.9%","3,003","17.1%","470","13.7%","2,179","19.7%","7,509","24.9%","751","15.4%","858","17.4%","1,498","16.1%","2,791","15.1%","1,432","15.8%","2,165","15.1%","1,203","12.7%","1,700","16.8%","2,510","14.0%"
"Male householder, no spouse or partner present Living alone","914","8.4%","3,728","11.9%","317","10.7%","555","10.9%","224","8.6%","563","11.9%","928","8.6%","4,059","12.0%","1,338","8.7%","2,083","14.0%","1,482","6.6%","2,940","12.1%","4,231","12.2%","985","8.4%","2,047","11.6%","263","7.7%","1,383","12.5%","5,442","18.0%","467","9.5%","525","10.7%","971","10.5%","2,169","11.7%","917","10.1%","1,586","11.1%","871","9.2%","1,081","10.7%","1,876","10.4%"
"Male householder, no spouse or partner present Living alone 65 years and over","310","2.9%","1,212","3.9%","127","4.3%","205","4.0%","89","3.4%","224","4.7%","348","3.2%","1,322","3.9%","347","2.2%","599","4.0%","469","2.1%","806","3.3%","1,119","3.2%","444","3.8%","649","3.7%","86","2.5%","295","2.7%","1,491","4.9%","206","4.2%","191","3.9%","389","4.2%","1,048","5.7%","374","4.1%","744","5.2%","430","4.5%","453","4.5%","971","5.4%"
"Male householder, no spouse or partner present With own children under 18 [3]","155","1.4%","492","1.6%","57","1.9%","87","1.7%","35","1.3%","61","1.3%","221","2.1%","474","1.4%","275","1.8%","307","2.1%","371","1.6%","418","1.7%","641","1.8%","127","1.1%","288","1.6%","70","2.0%","203","1.8%","610","2.0%","90","1.8%","73","1.5%","149","1.6%","132","0.7%","144","1.6%","136","0.9%","93","1.0%","162","1.6%","135","0.8%"
"Female householder, no spouse or partner present:","2,502","23.1%","10,286","32.8%","704","23.8%","1,360","26.7%","506","19.3%","1,481","31.3%","2,973","27.7%","9,883","29.2%","3,819","24.7%","4,826","32.4%","4,500","19.9%","7,469","30.8%","11,921","34.4%","2,051","17.6%","5,168","29.4%","698","20.4%","3,050","27.6%","13,582","45.0%","1,213","24.8%","1,332","27.0%","2,420","26.1%","5,042","27.2%","2,478","27.4%","3,914","27.3%","2,320","24.5%","2,952","29.2%","4,443","24.7%"
"Female householder, no spouse or partner present Living alone","1,159","10.7%","5,144","16.4%","361","12.2%","641","12.6%","227","8.7%","742","15.7%","1,401","13.0%","5,914","17.5%","1,711","11.1%","2,513","16.9%","1,921","8.5%","3,804","15.7%","5,206","15.0%","1,294","11.1%","3,077","17.5%","266","7.8%","1,562","14.1%","6,761","22.4%","607","12.4%","623","12.6%","1,102","11.9%","3,680","19.9%","1,313","14.5%","2,229","15.5%","1,497","15.8%","1,449","14.3%","3,052","17.0%"
"Female householder, no spouse or partner present Living alone 65 years and over","629","5.8%","2,713","8.7%","193","6.5%","378","7.4%","139","5.3%","413","8.7%","732","6.8%","3,127","9.2%","713","4.6%","1,174","7.9%","977","4.3%","1,791","7.4%","2,233","6.4%","882","7.6%","1,647","9.4%","144","4.2%","579","5.2%","2,667","8.8%","376","7.7%","391","7.9%","589","6.3%","2,325","12.6%","725","8.0%","1,358","9.5%","911","9.6%","857","8.5%","2,121","11.8%"
"Female householder, no spouse or partner present With own children under 18 [3]","511","4.7%","2,244","7.2%","118","4.0%","262","5.1%","76","2.9%","358","7.6%","691","6.4%","1,488","4.4%","783","5.1%","906","6.1%","1,172","5.2%","1,240","5.1%","2,651","7.6%","255","2.2%","745","4.2%","154","4.5%","524","4.7%","3,336","11.1%","264","5.4%","321","6.5%","600","6.5%","374","2.0%","498","5.5%","640","4.5%","230","2.4%","667","6.6%","441","2.5%"
"Households with individuals under 18 years","3,739","34.6%","9,700","31.0%","901","30.4%","1,557","30.5%","890","34.0%","1,468","31.0%","4,050","37.7%","9,190","27.1%","5,402","35.0%","4,550","30.6%","9,392","41.6%","6,388","26.3%","11,004","31.7%","3,398","29.1%","4,894","27.8%","1,248","36.5%","3,481","31.5%","8,480","28.1%","1,513","30.9%","1,793","36.4%","3,135","33.7%","2,569","13.9%","2,754","30.5%","3,104","21.6%","1,892","20.0%","3,104","30.7%","2,928","16.3%"
"Households with individuals 65 years and over","3,657","33.8%","10,938","34.9%","1,080","36.4%","1,924","37.7%","891","34.1%","1,785","37.7%","3,587","33.4%","11,863","35.0%","4,110","26.6%","4,515","30.3%","6,641","29.4%","7,268","30.0%","10,121","29.2%","4,764","40.9%","6,012","34.2%","1,116","32.6%","2,831","25.6%","8,267","27.4%","2,067","42.3%","1,810","36.7%","3,362","36.2%","10,203","55.1%","3,557","39.4%","7,019","48.9%","4,921","52.0%","4,026","39.8%","10,227","57.0%"
"HOUSING OCCUPANCY","","","","","","","","","","","","","","","","","","","","","","","","","","","","","","","","","","","","","","","","","","","","","","","","","","","","","",""
"Total housing units","11,366","100.0%","33,420","100.0%","3,195","100.0%","5,486","100.0%","2,740","100.0%","5,176","100.0%","11,325","100.0%","35,552","100.0%","15,957","100.0%","15,713","100.0%","23,427","100.0%","27,127","100.0%","36,404","100.0%","12,208","100.0%","18,306","100.0%","3,545","100.0%","11,443","100.0%","34,065","100.0%","5,364","100.0%","5,266","100.0%","10,054","100.0%","33,243","100.0%","10,147","100.0%","18,884","100.0%","11,387","100.0%","10,969","100.0%","36,966","100.0%"
"Occupied housing units","10,820","95.2%","31,315","93.7%","2,964","92.8%","5,103","93.0%","2,615","95.4%","4,736","91.5%","10,737","94.8%","33,865","95.3%","15,435","96.7%","14,886","94.7%","22,558","96.3%","24,267","89.5%","34,685","95.3%","11,659","95.5%","17,592","96.1%","3,420","96.5%","11,040","96.5%","30,164","88.5%","4,892","91.2%","4,928","93.6%","9,289","92.4%","18,508","55.7%","9,038","89.1%","14,340","75.9%","9,456","83.0%","10,109","92.2%","17,954","48.6%"
"Vacant housing units","546","4.8%","2,105","6.3%","231","7.2%","383","7.0%","125","4.6%","440","8.5%","588","5.2%","1,687","4.7%","522","3.3%","827","5.3%","869","3.7%","2,860","10.5%","1,719","4.7%","549","4.5%","714","3.9%","125","3.5%","403","3.5%","3,901","11.5%","472","8.8%","338","6.4%","765","7.6%","14,735","44.3%","1,109","10.9%","4,544","24.1%","1,931","17.0%","860","7.8%","19,012","51.4%"
"For rent","152","1.3%","723","2.2%","44","1.4%","90","1.6%","9","0.3%","84","1.6%","161","1.4%","667","1.9%","258","1.6%","324","2.1%","103","0.4%","893","3.3%","705","1.9%","134","1.1%","205","1.1%","12","0.3%","215","1.9%","1,701","5.0%","81","1.5%","68","1.3%","153","1.5%","1,256","3.8%","146","1.4%","249","1.3%","118","1.0%","204","1.9%","739","2.0%"
"Rented, not occupied","16","0.1%","117","0.4%","16","0.5%","19","0.3%","10","0.4%","14","0.3%","15","0.1%","63","0.2%","40","0.3%","46","0.3%","64","0.3%","398","1.5%","59","0.2%","21","0.2%","21","0.1%","4","0.1%","28","0.2%","162","0.5%","21","0.4%","21","0.4%","40","0.4%","196","0.6%","23","0.2%","37","0.2%","16","0.1%","25","0.2%","463","1.3%"
"For sale only","95","0.8%","317","0.9%","38","1.2%","55","1.0%","13","0.5%","38","0.7%","122","1.1%","244","0.7%","83","0.5%","145","0.9%","190","0.8%","183","0.7%","244","0.7%","96","0.8%","144","0.8%","24","0.7%","43","0.4%","297","0.9%","58","1.1%","47","0.9%","123","1.2%","308","0.9%","106","1.0%","229","1.2%","124","1.1%","183","1.7%","292","0.8%"
"Sold, not occupied","46","0.4%","117","0.4%","23","0.7%","39","0.7%","9","0.3%","20","0.4%","36","0.3%","75","0.2%","28","0.2%","40","0.3%","113","0.5%","41","0.2%","74","0.2%","39","0.3%","29","0.2%","21","0.6%","21","0.2%","125","0.4%","42","0.8%","19","0.4%","43","0.4%","126","0.4%","63","0.6%","93","0.5%","47","0.4%","33","0.3%","157","0.4%"
"For seasonal, recreational, or occasional use","49","0.4%","189","0.6%","14","0.4%","27","0.5%","8","0.3%","152","2.9%","36","0.3%","192","0.5%","27","0.2%","32","0.2%","71","0.3%","104","0.4%","57","0.2%","105","0.9%","42","0.2%","7","0.2%","22","0.2%","178","0.5%","69","1.3%","58","1.1%","113","1.1%","12,318","37.1%","469","4.6%","3,621","19.2%","1,438","12.6%","92","0.8%","16,868","45.6%"
"All other vacants","188","1.7%","642","1.9%","96","3.0%","153","2.8%","76","2.8%","132","2.6%","218","1.9%","446","1.3%","86","0.5%","240","1.5%","328","1.4%","1,241","4.6%","580","1.6%","154","1.3%","273","1.5%","57","1.6%","74","0.6%","1,438","4.2%","201","3.7%","125","2.4%","293","2.9%","531","1.6%","302","3.0%","315","1.7%","188","1.7%","323","2.9%","493","1.3%"
"VACANCY RATES","","","","","","","","","","","","","","","","","","","","","","","","","","","","","","","","","","","","","","","","","","","","","","","","","","","","","",""
"Homeowner vacancy rate (percent) [4]","1.1","(X)","1.6","(X)","1.5","(X)","1.4","(X)","0.6","(X)","1.2","(X)","1.4","(X)","1.0","(X)","0.7","(X)","1.5","(X)","0.9","(X)","1.3","(X)","1.1","(X)","1.0","(X)","1.0","(X)","0.8","(X)","0.7","(X)","2.3","(X)","1.5","(X)","1.4","(X)","1.7","(X)","2.0","(X)","1.4","(X)","1.9","(X)","1.5","(X)","2.5","(X)","1.8","(X)"
"Rental vacancy rate (percent) [5]","7.0","(X)","5.7","(X)","7.2","(X)","6.8","(X)","3.0","(X)","4.6","(X)","7.1","(X)","6.3","(X)","6.4","(X)","5.9","(X)","3.5","(X)","8.0","(X)","5.2","(X)","6.8","(X)","4.8","(X)","3.6","(X)","4.2","(X)","8.6","(X)","7.0","(X)","3.9","(X)","6.4","(X)","27.2","(X)","7.1","(X)","8.2","(X)","7.1","(X)","6.2","(X)","20.3","(X)"
"HOUSING TENURE","","","","","","","","","","","","","","","","","","","","","","","","","","","","","","","","","","","","","","","","","","","","","","","","","","","","","",""
"Occupied housing units","10,820","100.0%","31,315","100.0%","2,964","100.0%","5,103","100.0%","2,615","100.0%","4,736","100.0%","10,737","100.0%","33,865","100.0%","15,435","100.0%","14,886","100.0%","22,558","100.0%","24,267","100.0%","34,685","100.0%","11,659","100.0%","17,592","100.0%","3,420","100.0%","11,040","100.0%","30,164","100.0%","4,892","100.0%","4,928","100.0%","9,289","100.0%","18,508","100.0%","9,038","100.0%","14,340","100.0%","9,456","100.0%","10,109","100.0%","17,954","100.0%"
"Owner-occupied housing units","8,819","81.5%","19,376","61.9%","2,417","81.5%","3,879","76.0%","2,335","89.3%","3,012","63.6%","8,654","80.6%","23,980","70.8%","11,699","75.8%","9,802","65.8%","19,764","87.6%","14,374","59.2%","21,905","63.2%","9,845","84.4%","13,551","77.0%","3,105","90.8%","6,111","55.4%","12,348","40.9%","3,843","78.6%","3,253","66.0%","7,084","76.3%","15,346","82.9%","7,154","79.2%","11,578","80.7%","7,928","83.8%","7,051","69.7%","15,510","86.4%"
"Renter-occupied housing units","2,001","18.5%","11,939","38.1%","547","18.5%","1,224","24.0%","280","10.7%","1,724","36.4%","2,083","19.4%","9,885","29.2%","3,736","24.2%","5,084","34.2%","2,794","12.4%","9,893","40.8%","12,780","36.8%","1,814","15.6%","4,041","23.0%","315","9.2%","4,929","44.6%","17,816","59.1%","1,049","21.4%","1,675","34.0%","2,205","23.7%","3,162","17.1%","1,884","20.8%","2,762","19.3%","1,528","16.2%","3,058","30.3%","2,444","13.6%"
