UACE,color
00037,#13d9fe
00064,#16b9e2
00145,#d3f630
00172,#fa1ea4
00253,#db2692
00280,#f403fe
00388,#f8aa0d
00415,#eea420
00442,#e5e303
00469,#a8e513
00496,#2afa88
00550,#19c7dc
00577,#1defe8
00604,#fee52e
00631,#d3de06
00658,#1199ea
00660,#1d72f4
00766,#1bb7ef
00820,#14e2e9
00847,#18e6d1
00901,#1bf377
00955,#f12ae3
00970,#f5e325
00982,#a517d4
01009,#a01ec7
01036,#c022c1
01090,#d223f1
01117,#0cfab9
01171,#db2efb
01252,#ff2586
01273,#15dec3
01279,#1acd9c
01306,#0ff2d6
01387,#149eea
01414,#c6dc28
01441,#05e9d1
01450,#05ece8
01495,#f201a5
01522,#612ff9
01549,#a627d4
01630,#0bdbe0
01684,#29ffca
01701,#f804b3
01711,#28df87
01738,#fa3058
01765,#229adf
01792,#dfee08
01846,#11cafe
01873,#14f48b
01900,#7a2bdd
01927,#03eaa6
02008,#2ff3b3
02062,#c601bd
02103,#85ee19
02143,#1aa9f4
02170,#0a9dea
02197,#84e525
02224,#1efde8
02251,#0794f5
02278,#07b3c8
02305,#e626bf
02332,#1bc2d1
02359,#a80fce
02386,#12c7ef
02420,#eec921
02467,#b518d6
02500,#d2b70f
02548,#2cb6e6
02575,#1a87e4
02602,#25c49b
02629,#26afe9
02656,#b81dd0
02683,#a2db1d
02764,#0fd7f7
02791,#c719f8
02818,#ed1797
02912,#e8bd09
02930,#17b1e5
03007,#ec2586
03034,#d0f112
03088,#2b8efe
03115,#9311e0
03142,#f69701
03158,#01eab0
03196,#f519af
03223,#c2db05
03250,#24cfdc
03262,#0cc6fa
03277,#0396e6
03331,#9f26c7
03358,#e32676
03385,#b12bdb
03395,#fb22c3
03412,#0aeae9
03466,#08f9b0
03493,#1692d7
03520,#a415ea
03547,#d708f9
03601,#f17d18
03655,#22fff0
03682,#b0e50c
03709,#8af61a
03736,#c0fe08
03763,#07cfef
03790,#ec00e9
03817,#82dd26
03844,#e505e9
03871,#24deb1
03904,#17f3cf
03925,#f22cbc
03957,#d81ed0
04021,#f21d75
04033,#d9b71b
04060,#23fd8f
04114,#30f68a
04130,#1cbad5
04146,#00fd96
04168,#f18c1b
04195,#dc0dfa
04222,#e20ba0
04276,#a428d5
04357,#d124a9
04384,#fc1fcb
04438,#23bbc8
04465,#f2f117
04587,#29d6d4
04627,#fe03d8
04654,#00ff91
04681,#20d79d
04843,#c9e71c
04924,#e229a0
04951,#75f21c
05005,#a3d012
05032,#ebd92d
05040,#c61ec2
05059,#ffe30f
05113,#f42995
05167,#20ede7
05221,#ad21c2
05302,#ba1ffb
05329,#c1c50d
05383,#e004e3
05410,#f515c0
05437,#25fd96
05464,#fac525
05491,#c4e619
05518,#05fde5
05545,#14d3cd
05572,#cdfd10
05599,#168ae1
05653,#f50f9a
05680,#23f1b3
05707,#2eefc9
05734,#8be610
05788,#9123f9
05842,#13d8b5
05869,#fe7426
05896,#2ce88d
05923,#edc128
05935,#05e2e3
05958,#eb812a
05977,#22f9c9
06004,#2e90ec
06031,#10d5c7
06058,#19a6f4
06085,#21fbe7
06112,#ff6f18
06139,#eb13f1
06166,#e1e21b
06193,#1991ef
06220,#e8e00d
06247,#d027a5
06274,#f18b0b
06290,#25ceb0
06301,#ce06d0
06335,#b7db1f
06355,#c0e717
06382,#0eedf5
06436,#1ebbb1
06463,#c3e327
06490,#26cbae
06517,#f609c9
06571,#c32ff8
06625,#89f129
06652,#fa15a6
06679,#1aabc6
06760,#a60fe8
06770,#1c8dd9
06779,#c715c9
06841,#c0e627
06868,#13b3ed
06895,#dcdc03
06922,#12e1c9
06949,#0e8af9
07030,#30fdc0
07057,#bd0ce7
07084,#d3ff1f
07138,#ee10c8
07165,#cebe06
07192,#ff21eb
07219,#02ffb7
07300,#06a5fc
07381,#e69222
07472,#25aae7
07508,#b70df7
07530,#1dcef3
07597,#28d4d4
07624,#fc2769
07651,#1fcacf
07678,#72eb28
07705,#9d1dfd
07732,#e3b41d
07759,#f8188e
07770,#22eed9
07786,#edde10
07813,#13cfb8
07840,#06fcf9
07921,#90e321
07948,#ed05cc
07975,#fed829
08002,#96f028
08083,#951dee
08137,#f92b7b
08164,#ed8a16
08353,#236bf9
08380,#d71ad4
08407,#198ce5
08434,#fd266c
08470,#dffb0d
08515,#e91e8a
08542,#1efeb2
08601,#d517ef
08607,#e08522
08623,#1589e3
08650,#b7c026
08704,#bf1dc9
08731,#bfc00d
08785,#a401ef
08812,#17b4b5
08866,#1dc0eb
08920,#73ff32
08974,#e7ec2d
09005,#d6c203
09028,#62f62a
09055,#0ae4b1
09109,#16a8ed
09163,#11e693
09190,#287dfe
09200,#17b2bd
09217,#d7fa0f
09271,#17d3e0
09298,#b324f5
09325,#e9bf05
09352,#1cd1d3
09379,#8c1cdd
09433,#f522e0
09460,#a204da
09487,#ef8321
09514,#fd09df
09536,#22d19c
09541,#5c32fe
09568,#1cfd84
09622,#cfb408
09649,#c9b424
09676,#e0c51f
09703,#8d0bf0
09730,#dfe325
09757,#08e2a2
09801,#c8c00a
09811,#2183ee
09838,#cec007
09865,#e025f6
09892,#8a10f6
09946,#a50fe6
09973,#dd11d3
10027,#fa5a31
10081,#0dd7b6
10162,#d0a621
10189,#20fcba
10243,#b21aed
10351,#11f3a6
10405,#fb1eff
10418,#f10ca1
10567,#25ceb5
10594,#d3911e
10621,#c405ba
10648,#2788d0
10729,#dc0bda
10783,#f5812f
10810,#8dec07
10837,#fc0ee9
10891,#a913c8
10945,#08bfe9
10972,#1babe0
10999,#0fbad4
11026,#f321d0
11040,#22d8ce
11053,#f5169a
11080,#0de5c2
11107,#f814ba
11127,#09e3a9
11134,#c926c6
11139,#d71fb0
11161,#30b6fd
11215,#e311e7
11235,#9610d9
11242,#c214cf
11269,#2db1e1
11296,#fc9d1c
11350,#18f08f
11377,#13efae
11420,#dae404
11431,#e3b705
11593,#c0ea18
11620,#ea9526
11674,#ac10da
11728,#29d0e4
11755,#fa2e6e
11782,#b4c21a
11809,#dc278b
11863,#1df0bf
11872,#1ec3c7
11890,#c6da29
11998,#dcdd26
12052,#ecfd1b
12079,#e2ae0d
12106,#05cbf1
12160,#b1cd10
12241,#1dc99c
12430,#dbe31c
12457,#13dafa
12538,#f632fb
12646,#dc15a5
12655,#2cf3f8
12754,#11e3cc
12781,#da26d4
12808,#9eec2a
12835,#1fffcf
12862,#8a0bf1
12916,#ece111
12943,#17fabf
13010,#e00cac
13024,#8026e9
13051,#c617fd
13078,#7b2af3
13132,#ef2f93
13159,#d2a623
13170,#d82ef5
13186,#b719ea
13213,#a50fe9
13217,#0ee78c
13221,#1ff4fe
13267,#8b22ed
13294,#ea2bae
13321,#dae615
13348,#1198ee
13361,#2a9cfe
13375,#21f7b7
13456,#8a13ee
13483,#ce29d5
13510,#e62ae9
13537,#f0a814
13564,#ef21a9
13591,#e31795
13699,#eb07c2
13807,#b1f408
13861,#bf11d4
13915,#1ca6cd
13969,#e41e96
13996,#c4da28
14023,#eef51c
14050,#fe0d7f
14158,#0ea1e4
14185,#efda1d
14266,#b928cc
14293,#ce26ae
14347,#fb09cc
14374,#abe41d
14401,#b6f81f
14482,#a6e404
14563,#e523ea
14600,#17cad6
14644,#0bf9a0
14698,#08cead
14752,#a0e61e
14806,#f418b1
14860,#e1ce09
14887,#e616e1
14914,#25e37c
14960,#f4148b
15022,#d01997
15076,#d40dd4
15130,#fc26c9
15184,#efca2e
15211,#e826a3
15265,#0ba0d7
15300,#cb229e
15319,#aaf80c
15373,#e8e220
15400,#632ef8
15481,#e8b80d
15508,#25f76c
15535,#24bdd0
15589,#e8c11d
15616,#ee0d9e
15643,#c9b020
15670,#7418f3
15697,#9dd414
15724,#e6da1b
15778,#96f31d
15832,#f38519
15859,#10e391
15913,#05f1a7
15940,#11a1f1
15967,#ecfb17
15994,#ef1fdc
16021,#c9d20d
16075,#ed9717
16102,#c1fb1d
16156,#e2b322
16171,#e2fd10
16183,#20e7d9
16210,#f220f5
16237,#be11dd
16264,#0af598
16291,#fedd0d
16318,#c0e22c
16372,#d4fb06
16426,#fa16b4
16453,#fc23ad
16507,#30f1e5
16561,#ff1070
16615,#1ceebc
16642,#a8bb24
16696,#bc13b5
16750,#0ed1d7
16804,#af02d3
16830,#de9e0f
16885,#fe31c1
16912,#d813a8
17047,#fb049d
17101,#b7f117
17128,#83fc1b
17155,#c407c8
17209,#a5e427
17236,#c3d526
17263,#fa1ec6
17290,#0fe6cf
17317,#ecc427
17398,#edfc1c
17424,#bcf52d
17426,#d014ed
17452,#23b9b2
17479,#9f1fd3
17506,#6726f9
17514,#cccd16
17533,#258cdc
17560,#00d0f8
17641,#17bfc3
17668,#05bcf0
17722,#b5f42f
17749,#bc08d2
17776,#0f8bfe
17857,#caae12
17870,#f621b7
17884,#1acdaa
17911,#df14b2
17938,#88ec10
17965,#18f9e4
17980,#ac22b5
17992,#16cbf2
18019,#91ed17
18046,#aaf910
18100,#bb13bd
18127,#21faae
18154,#94e114
18181,#19d4e0
18208,#c01cbc
18235,#12f5f0
18270,#a6da2b
18289,#f42fce
18316,#d1bc22
18343,#06dfc1
18370,#d9be10
18397,#a7d704
18451,#0d94fc
18478,#25c9bf
18532,#29d2e8
18559,#e1298b
18586,#27fda8
18640,#0eecff
18667,#faa503
18694,#8126e2
18748,#e911fb
18755,#26e1ac
18760,#c825c8
18775,#c808f8
18829,#75fd26
18856,#08bde7
18883,#00fe98
18910,#13f6bb
18937,#ceae04
18964,#27fdcb
18991,#daab0d
19018,#eebf2f
19045,#85f903
19072,#6eec2d
19099,#8512ec
19126,#7d1be9
19180,#19f6ad
19207,#df129b
19234,#27ef71
19288,#81f60f
19342,#be1cf3
19369,#fc239b
19450,#14e3ff
19477,#97f516
19504,#9516fa
19531,#25d7c1
19558,#fb18c1
19585,#fea930
19597,#bc0cbe
19612,#01eedd
19639,#a518dc
19666,#fe17ef
19686,#2ae1cf
19693,#f6168c
19801,#05c9f9
19811,#2df5e8
19828,#a31be8
19862,#d8a405
19882,#f3c222
19936,#9c22f4
19970,#07eab9
19990,#a7dc18
20044,#b8ea0e
20071,#9f0efb
20098,#2ae083
20125,#13d59a
20152,#18edba
20206,#9eda1d
20233,#c014ae
20247,#dc1da4
20287,#b121c0
20314,#c5cf13
20341,#fd16b2
20368,#89f51d
20395,#6dfa1b
20422,#326afa
20442,#e303b1
20476,#14a7cc
20503,#74eb25
20595,#fd2fcf
20719,#18fdc9
20746,#f0be29
20773,#2aef94
20827,#ee900f
20881,#f1de00
20890,#ac20d7
20899,#e2c301
20908,#d921b9
20980,#2ad5a6
20985,#ec8b0c
20989,#fd7f1e
21016,#2abddc
21043,#e9b420
21070,#1ae9f8
21097,#83fd16
21151,#ea04c4
21205,#9a0dff
21232,#afc225
21340,#11d0d2
21394,#dc25f0
21421,#cfa129
21448,#eb26e6
21475,#2d85f0
21502,#18c1e1
21529,#2b90e4
21556,#27e787
21610,#26ffca
21637,#fb295c
21664,#22f695
21691,#1df7e1
21745,#0bf1e8
21772,#e01fd1
21853,#fb1ba1
21893,#88f810
21934,#04a7f5
21988,#a924f1
22015,#0de396
22042,#ca20ba
22069,#159cfc
22096,#9b1bd0
22177,#fc7c0c
22204,#adda0a
22231,#9e2be8
22253,#a9ff2c
22260,#eecd00
22366,#15d4cc
22420,#f7a922
22528,#c6fb11
22555,#abd127
22582,#ea31f9
22612,#0bf5da
22616,#c9d52a
22622,#ef2f75
22690,#e1d603
22717,#0792fa
22744,#2ab2eb
22771,#7e20ed
22798,#e5c927
22811,#ef9905
22879,#269cef
22933,#0be5f9
22960,#e40f90
22987,#ef8024
22995,#bcae19
23041,#bfb423
23080,#791dfa
23176,#17e7e8
23203,#fe17c9
23230,#1bd8a1
23311,#a8fa20
23338,#1ae8ba
23365,#1db9fe
23419,#cf29f1
23473,#15f085
23500,#26f993
23513,#dbc222
23527,#d9a701
23608,#0ad8b0
23662,#afca16
23716,#9724c5
23743,#1e9ce7
23797,#f6f020
23824,#6b28f7
23851,#df2aff
23878,#b9c00e
23986,#a311d1
24008,#dd17f3
24013,#13f8b4
24040,#a3fc13
24094,#cc20cd
24121,#cf2deb
24175,#fd07f4
24202,#d628ad
24256,#c60adf
24283,#11d1b4
24310,#ed951c
24337,#c1fb0f
24364,#f92c89
24391,#1bebdb
24445,#d514de
24472,#ecfd21
24499,#911dd4
24526,#16c4c1
24539,#b630f0
24553,#cbbf1b
24580,#2976ff
24607,#d69520
24634,#71f11d
24715,#20cbad
24796,#2ff183
24823,#a0fb00
24850,#a10cf0
24877,#d320a0
24904,#0be2a8
24931,#0adde8
24958,#21a2f4
25012,#efc718
25039,#fca932
25093,#dae816
25120,#ccd824
25147,#0dd7b4
25201,#aee419
25216,#25d9fa
25228,#a0cf10
25237,#2587da
25309,#fffc00
25390,#b700f2
25480,#2ae5f6
25498,#dc05bb
25579,#ebba0a
25598,#be03db
25658,#940fdd
25687,#921ed5
25714,#b62ae7
25741,#772ef4
25768,#a710d4
25849,#1cca9f
25876,#da00db
25903,#96e61b
25930,#00a0fe
25957,#c92595
25984,#fd2484
26038,#b1e117
26065,#1ddd8c
26092,#fa2895
26119,#05e1b2
26173,#efd109
26227,#32fbff
26254,#ee11de
26275,#fa06c3
26308,#cbf72a
26362,#1fddf8
26375,#ce17e6
26389,#00d5f9
26405,#59fa30
26422,#269ed0
26443,#22d6b5
26470,#f52f62
26524,#d904c3
26659,#07f9bb
26686,#e5b529
26750,#2de1fa
26767,#16de9c
26794,#0dc9c2
26821,#fab909
26875,#06f3c1
26902,#24a1e3
26956,#cfc728
26983,#b225c1
27010,#ceea2b
27037,#e8b908
27085,#c6e72a
27118,#f407f9
27253,#1af6b4
27261,#d89c11
27280,#0ab0db
27290,#f1c728
27307,#d50da1
27361,#de01f0
27469,#b129e5
27523,#1499dc
27550,#a70cd7
27631,#05fac1
27658,#11b9bd
27685,#15ccb6
27712,#e22cc1
27739,#0d9ede
27766,#f00d95
27793,#f49f28
27820,#c92be0
27847,#df1dcc
27874,#9601f4
27901,#e0fd20
27928,#26eab3
27955,#1fc4ce
28009,#cb14d3
28063,#2eeba7
28090,#e79e21
28117,#09f7b2
28144,#238de2
28198,#d928e7
28225,#eaba2b
28262,#9ae917
28306,#ce2990
28333,#b9b717
28360,#17c1d8
28441,#c0fc07
28495,#681cfb
28506,#288cd8
28511,#ebfb14
28522,#da0db4
28549,#8629fb
28603,#b7ec16
28657,#03bbee
28684,#fa0c90
28711,#fc0ef2
28765,#ea0b94
28766,#19ecaa
28846,#ee6f23
28873,#fc0bce
28981,#e8e32a
28995,#7219fc
29008,#09b3ec
29024,#a417d6
29035,#572ffc
29062,#c9fc06
29089,#ff18f6
29116,#fa2d64
29251,#f202eb
29278,#02fc97
29305,#88ea1a
29332,#0cd9a9
29440,#07a1f9
29467,#c619c7
29494,#2e8cfa
29555,#f319c4
29575,#b6e92c
29608,#8bec13
29656,#097ff7
29683,#c81cab
29710,#fd8709
29737,#1fff93
29764,#f5f723
29769,#efab12
29775,#ea199c
29791,#f425e1
29818,#2277e7
29846,#e4831b
29872,#b7c222
29899,#8b1ddb
29953,#e5c119
29980,#d22ee8
30034,#24aac1
30061,#9c1af2
30073,#c4ab1f
30088,#cefc32
30171,#e8ab28
30223,#dc1af6
30232,#dd23b0
30331,#e87d2a
30358,#ed09af
30439,#d68f22
30466,#2d77fc
30493,#1484fe
30520,#b71bf2
30547,#dcec2b
30574,#dfa41e
30628,#e10eba
30682,#be11f1
30736,#23daec
30748,#9f20e4
30755,#fb2b6c
30763,#0ee5c4
30790,#e5149b
30817,#22e7bc
30844,#e9dd0d
30871,#72f030
30885,#f16a2d
30898,#f51689
30925,#fb17ae
30952,#fa2c70
30979,#ff0fd6
31033,#ca10bb
31087,#0be3b5
31114,#2ff876
31150,#f3e226
31195,#16a4d2
31222,#aaf107
31249,#17bfe6
31262,#2295f3
31276,#03b5c8
31303,#9c01e8
31330,#c914ff
31384,#e1db2c
31411,#23f4dd
31438,#e00ba4
31478,#c703b8
31519,#a128ef
31573,#09a7e1
31600,#c506e2
31627,#aade0b
31660,#2198ff
31668,#25bca9
31672,#8cd824
31681,#efc807
31735,#0bf5a4
31762,#e126f3
31789,#c1d60a
31843,#f40dc8
31852,#0eabc7
31889,#c2fd30
31924,#b7e609
31978,#07dae8
32032,#b32af5
32086,#dafe1d
32092,#0ceeba
32113,#7724ee
32140,#bc1fe6
32167,#aa23c9
32194,#d11fea
32221,#ea1299
32248,#f4af00
32329,#e41e98
32356,#07edb6
32383,#01d8aa
32437,#14c5b6
32451,#e8c30e
32491,#ce0ff0
32506,#812cde
32518,#0fd2ad
32572,#20e57a
32653,#f10d9b
32707,#e5cd0b
32734,#a0f205
32761,#fb28cf
32788,#e5a40d
32842,#941bec
32850,#e0d624
32869,#1ca8d4
32950,#ab11cc
32977,#a310e1
33031,#d20dfe
33091,#1eb4fd
33139,#8ae611
33220,#0df1fe
33247,#c831f6
33301,#ee9c03
33328,#c0f80a
33436,#ee1986
33490,#bbe010
33517,#87f01f
33598,#2978e3
33625,#2af466
33640,#d2e419
33652,#1ddff0
33679,#98e02a
33733,#f12e96
33742,#2dc2f3
33814,#c324a5
33841,#b925bf
33868,#2eaffb
33922,#f421e2
33960,#fa7d0f
34042,#04ec98
34111,#d021ef
34122,#be20bb
34138,#e6c923
34165,#fc3056
34219,#cd1eef
34246,#be1af6
34273,#e7df19
34286,#fb23a9
34300,#d4ef0a
34327,#1c99eb
34381,#d506cd
34470,#a90afa
34489,#d3bc24
34516,#21d1c3
34543,#e90993
34597,#fd02b1
34651,#c727e4
34705,#c314de
34759,#ef882c
34786,#d82bad
34813,#b017f5
34840,#bb25ca
34876,#87f013
34894,#2181f2
34921,#fd20c5
34975,#8920dd
35002,#a122d2
35083,#e7f80e
35164,#18aaec
35191,#d222db
35245,#e59916
35272,#0183fc
35299,#1ffccc
35309,#2be2be
35326,#d8dd25
35353,#1af789
35380,#dbcf20
35407,#8d05fe
35434,#eaa518
35461,#f7c308
35488,#acee24
35542,#24a6e5
35569,#09bfdb
35596,#84f123
35623,#03ecdf
35677,#dca818
35688,#10f7e2
35704,#10fe8a
35716,#fd8308
35785,#02f7ff
35812,#32c9fa
35839,#03ceee
35852,#a926d0
35866,#9ee625
35920,#2ff4f5
35974,#a22bed
36001,#9e04fb
36055,#c732fe
36082,#01c2d2
36109,#32c7fa
36136,#db0efd
36190,#2efec1
36217,#d816c8
36271,#efb12d
36384,#29a2f7
36406,#adf50d
36514,#cdcd12
36541,#02f2a3
36568,#bf00ce
36585,#ee8112
36595,#c109f6
36703,#b7b01f
36730,#fd24f6
36784,#8827de
36838,#30ffc2
36865,#ebca23
36892,#e22cef
36946,#8dda28
36973,#efd52e
37000,#f726d9
37081,#c304e2
37091,#cdce08
37108,#22d6e3
37145,#f92f86
37162,#e1de10
37189,#0a96ef
37216,#b9f812
37243,#00b8ed
37297,#e6c718
37324,#f82a7e
37351,#2af2ac
37405,#12cea8
37432,#19daff
37459,#8ad92a
37513,#22dbb4
37540,#f3f610
37567,#fa1a82
37594,#eb7c23
37675,#d4b11c
37702,#e70fd6
37770,#b9b820
37783,#6be92e
37837,#ff7f28
37891,#d020a4
37945,#0fe19e
37980,#f1c00d
38053,#bf02c4
38060,#01b5dc
38080,#f2f50d
38161,#24f9e1
38172,#2ca3e7
38215,#9703e9
38242,#2ae5bd
38258,#2e80ea
38269,#fb2ca6
38296,#1bd1fd
38323,#0afc88
38404,#ab0de1
38431,#e0a015
38485,#2298c6
38620,#01f3b9
38647,#0dfcd4
38701,#93fb09
38718,#21f0c1
38728,#0cd9c3
38755,#d4df16
38809,#e30e9f
38863,#2decb3
38917,#d117a0
38944,#fc5a2c
38978,#12bbe5
38998,#24bbf6
39052,#83eb1d
39069,#fc27ba
39133,#de22fa
39214,#a604de
39349,#cabf17
39376,#24d5fe
39403,#f99126
39430,#0bb4db
39511,#b8e912
39538,#2ba8e8
39565,#d51f8f
39589,#9e1ff9
39619,#a81ed6
39781,#23bced
39835,#03e0d2
39889,#eb2795
39916,#b829ea
39970,#05adf0
40024,#f61dbe
40078,#d603b8
40132,#e4912b
40153,#f5e00c
40186,#dd06fd
40189,#f62e66
40213,#fba718
40267,#20d9b8
40294,#0cb8d4
40321,#24bae0
40348,#2bdd9d
40375,#c307b6
40429,#e12ef2
40537,#f9fd2d
40547,#c1c001
40564,#e59e1d
40618,#fdda17
40645,#a91df2
40672,#9223f8
40699,#ab1ee5
40726,#90f01b
40753,#22f1f9
40780,#6e2ce5
40807,#cc15de
40813,#0af0c2
40834,#23dad1
40861,#fecd14
40888,#2df9ee
40915,#d1f229
40942,#f21bcd
40969,#1cb0fd
40996,#d3a810
41023,#f227c1
41077,#23c7ef
41100,#29f4e7
41131,#d8c024
41158,#03d0c9
41185,#1cd8f5
41212,#a2dd21
41224,#03cdf3
41239,#622ff9
41266,#9c12dd
41320,#11f0a5
41347,#84f80d
41365,#a4df29
41401,#f1f42c
41482,#19adc3
41509,#a61cff
41536,#d5d102
41590,#1bda8e
41617,#25fa98
41644,#7dfe2f
41657,#ef1e8d
41671,#afee1e
41752,#cb1ee0
41806,#229ded
41820,#1d8de9
41833,#c223e8
41914,#0be2db
42049,#0bbcc0
42076,#15e095
42157,#09a1e4
42211,#cbde25
42238,#bd1cdb
42265,#ceed21
42292,#c314c2
42319,#20da8c
42346,#e00d99
42373,#287fec
42400,#f6da0f
42427,#c821b1
42481,#28fb9d
42508,#19f482
42562,#962bf7
42616,#e70fc2
42670,#28dea7
42697,#fd29e7
42751,#b229f9
42778,#c21cc6
42805,#cc0dc2
42849,#dc14c7
42952,#eb9d06
42967,#f928ee
43021,#970ee1
43048,#d710f8
43064,#f91d69
43075,#15e69a
43102,#ef0fb3
43115,#a60bd3
43210,#e91e7f
43227,#ff30b6
43253,#f4118a
43264,#86f108
43291,#bcc809
43345,#00fd89
43372,#02f0ee
43399,#d2dc24
43426,#25d49c
43439,#cdf02a
43453,#11c4de
43507,#abef1a
43534,#e610da
43561,#ecf31e
43615,#00ceea
43642,#c3249f
43669,#fbdd14
43723,#f0eb0a
43777,#a6d81e
43885,#c926f4
43912,#b511c7
43939,#e5ba23
43993,#9bdf09
44047,#1de9bb
44074,#e30daf
44155,#04beff
44182,#d704d4
44209,#7d24f4
44236,#1cdbe6
44344,#f02aa1
44371,#fc26cb
44452,#24bee6
44479,#f825d8
44506,#ebd905
44533,#dffe0f
44560,#b5e72d
44587,#1df5b6
44614,#08dcc1
44641,#2ae5d3
44668,#f8ed1d
44695,#1ba9bc
44722,#d50dad
44789,#bdba10
44803,#c9cf1d
44830,#2567f7
44857,#ac17cf
44911,#8dfd0b
44938,#2bb9de
44965,#b6dd11
44992,#be1dc1
45032,#9e22c9
45073,#7511fd
45127,#e101ec
45157,#04dbc3
45181,#0ef2bc
45196,#0ed8d8
45208,#e81ed3
45235,#ce20f0
45262,#13c9e4
45289,#bd1ead
45316,#9deb06
45370,#c8ef13
45397,#a3f204
45424,#f77216
45436,#1198f9
45443,#2787e5
45451,#a7e529
45478,#f2ea18
45505,#d81fce
45613,#00d4ad
45640,#1ad9b6
45667,#e32cc7
45694,#19adfa
45721,#8b10e4
45761,#d69127
45775,#eece09
45802,#a9c022
45829,#c923ce
45856,#1cbbd1
45910,#1b8ed8
45991,#a327ca
46018,#bb24f7
46045,#f89506
46099,#f420cd
46126,#e405b3
46153,#f4962e
46180,#e3ec02
46207,#a205d9
46234,#2af1e6
46288,#28b2ca
46342,#ffff2d
46396,#23ce97
46423,#0aed99
46450,#9f25e5
46489,#62f42b
46531,#eae00d
46558,#e98514
46585,#bd0bd8
46612,#aafd06
46639,#24ccb0
46666,#e1b21f
46684,#f9951e
46687,#df00ab
46693,#91d320
46747,#fb2fb1
46760,#28b6d3
46774,#cfe019
46801,#1781fe
46828,#0ce4c5
46882,#6a26f7
46889,#afff1f
46909,#ea32fb
46963,#9f1ad0
46972,#e318d7
47010,#00dffa
47017,#04c2f4
47044,#0bf7e2
47071,#c832ff
47120,#20eef7
47125,#22e0a7
47287,#19fa97
47368,#dff501
47395,#c2d40f
47412,#0dacef
47422,#8ae52d
47503,#a516c5
47530,#f317fc
47557,#a0de20
47638,#71fe25
47665,#06f394
47719,#d0a129
47746,#fc20c1
47800,#96c724
47827,#20f894
47854,#e11ae4
47865,#aff62b
47881,#0ca4cf
47935,#a028ff
47989,#08e3b7
47995,#edec20
48016,#31fe69
48043,#daac2a
48070,#ac19fe
48151,#fa8a05
48178,#13f3d5
48232,#caab24
48259,#db05bd
48286,#10cfda
48340,#632bf7
48394,#fcc612
48421,#f61fc0
48448,#18eac8
48475,#fed71b
48502,#86f605
48529,#ea9604
48556,#b105c9
48583,#df1ce0
48637,#dada08
48664,#00c7c2
48691,#1be1bb
48745,#09cfcd
48799,#d719ab
48826,#26bbc3
48853,#c907b3
48890,#1ae08b
48915,#2cb6ff
48934,#2881dd
48988,#2e88f2
49015,#1bf8de
49042,#03e3ef
49096,#f6e30e
49109,#1ac9cd
49150,#b41cbe
49204,#18eecc
49231,#04afd2
49258,#18f98d
49285,#e017d5
49312,#25d38d
49339,#c5f40b
49366,#29ebc4
49393,#fd2569
49474,#b40ad9
49528,#cb12c4
49555,#d79f18
49582,#ffec23
49594,#c9b81a
49609,#ce0ad7
49636,#e7ff09
49663,#ade212
49690,#f306ed
49771,#cf26d7
49852,#fcbe0c
49906,#99fd02
49933,#22f87f
49945,#c408f8
49955,#c6ab1f
49960,#d6ed2f
49987,#28e9ba
50014,#f201a7
50041,#efe306
50122,#d0268b
50149,#f107e3
50230,#acf118
50257,#0fe4e9
50275,#a914ff
50311,#f3ea1f
50338,#d726dc
50365,#04f6a4
50392,#2a92fe
50419,#d719c5
50473,#1ce4dc
50500,#b215d0
50533,#a1fc00
50581,#06e59c
50608,#a2d123
50662,#20c0ca
50743,#14b7d9
50770,#f52084
50797,#aefd30
50851,#28c0d9
50932,#098bee
50959,#fb31e8
50986,#f42a80
51013,#dfea00
51025,#ef822c
51040,#13ecc2
51121,#da27b9
51131,#d71fa9
51148,#f020d7
51175,#cec61d
51202,#c90cd4
51256,#1db3bc
51283,#d0249b
51364,#bf2df4
51418,#ded71f
51445,#f32ce1
51472,#1fd8f1
51499,#ee971b
51520,#ecfd14
51580,#18bfda
51755,#ac1df7
51769,#d20fee
51796,#a019f3
51823,#28ded6
51877,#cbe018
51958,#c99f18
51985,#f2e425
52039,#e5a120
52066,#ac11e7
52093,#24d0c1
52147,#90d125
52201,#16fd8c
52228,#f515e8
52363,#fe28bf
52390,#b322de
52403,#ee28a3
52417,#18ffa3
52471,#f91bf9
52525,#dc13a6
52552,#d3b214
52606,#f6e02c
52623,#9230f0
52633,#09dac7
52672,#8afd22
52695,#e51f8d
52741,#259ae3
52768,#ff3273
52795,#e8ad1c
52822,#deb50b
52876,#17edcf
52903,#e61798
52984,#2299d3
53065,#1ae6b8
53092,#289cca
53146,#13fcc2
53200,#13b3f5
53227,#d320f7
53254,#1dec7d
53308,#f718aa
53322,#11fbd1
53362,#eb0bb2
53389,#7bf229
53416,#ddaa18
53524,#aff82c
53551,#e9d716
53605,#88fa17
53686,#bdc21d
53740,#1ad4ca
53767,#fb1aca
53794,#00efcd
53834,#a3fd26
53848,#cbea17
53902,#fa841f
53956,#f8dd03
53983,#21d7c6
54037,#e704d8
54050,#9bdb09
54064,#ec0491
54091,#12a2f1
54145,#2aef8d
54172,#fe326b
54199,#10cefb
54280,#dcf20b
54295,#17c1a7
54307,#2ce1ae
54334,#ec2d7b
54388,#df832b
54442,#1beb8f
54477,#deb21e
54486,#f305f9
54496,#ca9627
54577,#b0c91f
54631,#fe1cd5
54658,#ed2287
54685,#bd2aea
54712,#f8d625
54722,#f2068c
54739,#e60de7
54793,#2ceac4
54820,#8ae627
54874,#99e624
54901,#d600e2
54955,#ab18fc
54982,#239fc2
55009,#ec0a8e
55036,#8413f2
55090,#e001a6
55117,#ad12e8
55144,#daaf02
55171,#ded127
55225,#fec82b
55252,#05d1d2
55306,#ac0bf8
55333,#caf22f
55360,#dd9a1c
55375,#0193ee
55414,#e90bd9
55468,#12b5bd
55495,#06cac6
55534,#02e3c3
55576,#afdd02
55603,#1ad6cd
55738,#df1ce1
55765,#b428ea
55792,#23fded
55819,#05d9e9
55832,#b5c617
55846,#c1f80c
55900,#00c8bc
55927,#fc02e7
55954,#cc1dd2
55981,#2de1c4
56008,#17d6d9
56035,#a1e822
56062,#ebf701
56074,#ccbd02
56116,#93f418
56143,#0ef8f5
56170,#b319ef
56197,#d8ea20
56224,#c018ad
56251,#ff2f8d
56290,#c305ea
56305,#a4de15
56359,#ef12bd
56413,#b5a923
56467,#e3fe07
56521,#f19928
56548,#28e576
56602,#21a4df
56629,#24e1eb
56656,#d5bb27
56737,#e6fc31
56791,#9ffc2c
56818,#c027c8
56829,#07d5d8
56845,#1e87ec
56899,#d7298f
56926,#0edba0
56980,#b2ca24
57007,#1a7ef1
57034,#f4712a
57088,#e6da22
57115,#08fcab
57169,#2ba0df
57196,#df8029
57223,#25f7d4
57304,#30b2f4
57319,#07c3c3
57331,#f015e0
57358,#177df7
57402,#c8dd1e
57412,#ef9605
57439,#12f4ba
57466,#f4701e
57493,#f72775
57547,#10f794
57574,#27d9ad
57628,#b517d7
57655,#b8fc07
57698,#2fefd3
57709,#27ecc0
57736,#13dd9c
57817,#ee2cae
57844,#de9316
57898,#0bcefc
57925,#a92aec
57979,#08f2f1
58006,#20fce8
58033,#6429ff
58087,#e703d6
58162,#a9db0e
58195,#bb28fd
58222,#30f3c3
58249,#fb6032
58303,#25b8b9
58330,#1396e7
58357,#c704eb
58369,#e8da17
58384,#9125f4
58411,#c824cd
58420,#e49d16
58429,#26ce9f
58469,#83fd02
58492,#fe15f5
58519,#eabd22
58600,#fdc823
58708,#f9ec1e
58735,#d828ca
58762,#04c5df
58816,#9e18f1
58830,#fa9204
58843,#89f925
58951,#ba2ad9
58961,#f46a29
59167,#ed13fd
59194,#00f8a1
59221,#fe9d28
59275,#2feeef
59302,#d91aa6
59329,#a3d721
59356,#b2d522
59410,#0a81ff
59430,#1fb1e6
59491,#cddf21
59518,#cf1ee4
59572,#f42bf2
59590,#eaaf00
59653,#e72c87
59680,#d90af1
59707,#ccbd21
59761,#fd8813
59779,#21f072
59815,#8aec19
59842,#dd9520
59950,#ff6321
60085,#06f2a9
60112,#b720eb
60166,#fa28c3
60184,#89e911
60223,#10dbb4
60274,#ec1da4
60328,#a4da03
60355,#f5d116
60382,#fa8a0a
60463,#8bf62a
60490,#27eadd
60502,#b412df
60517,#fc01a0
60571,#bcb60e
60598,#9af91b
60625,#f9f703
60652,#b8e122
60663,#0bebd8
60733,#6c19fa
60787,#ecde22
60814,#f9247e
60841,#30f9c6
60868,#1cf583
60895,#dc12df
60930,#fa2c8a
60949,#9f21fa
60976,#10a8f7
61003,#ce07f6
61057,#e107d9
61084,#28e7e1
61111,#16f6d0
61165,#abe82c
61219,#0fdcd0
61273,#eafc1c
61327,#6724f6
61354,#7e25e2
61372,#dcea23
61381,#a4e501
61408,#b310fd
61435,#e605e9
61489,#d9da1b
61543,#b41cee
61570,#99ff2b
61597,#287cf1
61624,#caf513
61651,#0db2f8
61678,#711cfe
61705,#bbf42f
61786,#15dedb
61813,#ec17ab
61840,#d5a916
61894,#db06b2
61921,#bee10a
61948,#28cfea
62083,#1de6cf
62110,#138bf8
62137,#c9b807
62164,#c104f1
62353,#ea05c9
62407,#10bacf
62434,#09c5db
62488,#29fc81
62515,#b7e002
62569,#dd1a98
62623,#21a0ca
62677,#e0eb21
62704,#d5c70b
62731,#21c9ce
62758,#bfcf0b
62839,#2af568
62893,#9707f4
62947,#0befb7
62974,#e42a87
63001,#f4d311
63028,#26f995
63082,#bdef0b
63109,#ff077b
63137,#2d87e2
63152,#0892f9
63163,#cb1ccf
63217,#0afdf8
63232,#eadd2a
63244,#0ec7b6
63282,#eda72f
63325,#efc703
63406,#c010d8
63433,#19fd8a
63460,#e72df6
63514,#73fd1c
63541,#2f80fd
63622,#dcbc22
63676,#1df3d6
63784,#05b9d7
63811,#07b4f0
63865,#1feb92
63973,#f57724
64054,#16efa5
64108,#901ee0
64135,#d3da18
64270,#0df0ca
64297,#f602d3
64378,#75f92c
64459,#a31fda
64475,#f1db01
64498,#197cf4
64550,#f200f2
64567,#fb1afb
64648,#bd22ea
64660,#12aedc
64675,#f128a3
64702,#25f2dc
64837,#a523ce
64864,#28dfb5
64891,#c1cb10
64918,#fe1ff2
64945,#fa27b7
64972,#f920e5
64999,#2ed1f6
65026,#a0cf25
65080,#ff2c63
65107,#15cdc0
65161,#dba115
65188,#ebf931
65242,#16fdf9
65269,#22e1a3
65296,#d3d60d
65404,#17cfbe
65485,#d3bd12
65512,#f9ba21
65539,#fc139e
65593,#cfb622
65620,#0fe297
65647,#bf1bfb
65674,#18b5fc
65701,#f725b6
65728,#98ed02
65755,#01eef8
65767,#15e3a5
65809,#eac71a
65836,#dcef1c
65863,#e0188d
65901,#0fdab2
65917,#2f6df7
65944,#0bf184
65971,#ae23ef
66060,#19f2c4
66106,#07d7ea
66133,#e81e7e
66148,#f20acd
66160,#ff2a8d
66187,#e4e31a
66241,#23ebe0
66268,#ad19c2
66285,#7ce321
66295,#04d9a5
66322,#b1c527
66349,#27ccc4
66376,#1aeada
66430,#ea931c
66457,#f0b710
66484,#2de3bd
66538,#12eaaf
66565,#0cf9ff
66592,#11ccb5
66619,#e5fd06
66646,#19b7f9
66673,#ade113
66690,#b4c51a
66740,#e08e2a
66781,#ea22ec
66808,#e3bb12
66889,#25e1d6
66916,#86ed28
66943,#cfb829
66997,#03fb83
67051,#04dcaf
67078,#f430b6
67105,#ec0db2
67140,#83ef2c
67223,#0edda3
67230,#eb25d1
67240,#dc06e2
67267,#8dde15
67305,#0ac6c4
67313,#d20eba
67321,#852ae2
67402,#c011da
67483,#e3b40f
67510,#0fddcd
67537,#24d2e4
67564,#c5e629
67620,#1892eb
67645,#bb26f3
67672,#fdc626
67753,#ece52e
67780,#33ffc0
67812,#05eaba
67861,#d808d5
67942,#17d4b9
68077,#d506d8
68106,#1ef0f5
68131,#24a7ce
68158,#cfaf14
68170,#b8e81b
68185,#20e1c3
68212,#22d3ec
68239,#20fd92
68266,#fbaf00
68293,#9621fe
68347,#aeb918
68374,#d6bd1f
68401,#c3f524
68428,#f30de7
68439,#1ea9d3
68455,#ccdc1f
68482,#dc8a2a
68499,#25c3d1
68509,#dc1dac
68563,#f4d124
68590,#f69a1b
68617,#e12cfc
68644,#0aeada
68698,#b513ee
68725,#e8c126
68752,#ba20f9
68779,#fd712e
68806,#fbe32e
68833,#f20896
68887,#c108e1
69022,#dd15de
69049,#09d8ea
69076,#fc781b
69130,#e3dc12
69184,#04c3f7
69192,#b72ffe
69211,#c5b00f
69222,#de15f9
69292,#0af085
69373,#d7b71e
69454,#b51cc5
69513,#16c8b2
69517,#f523f5
69562,#2983fd
69616,#0a99f3
69643,#fdb20a
69697,#27eeba
69778,#e423bc
69832,#e31a84
69967,#2990f4
70102,#b729f2
70129,#fed512
70156,#eaaa06
70183,#26fd7e
70210,#dccd06
70237,#19e1a6
70280,#15e3ad
70291,#97f827
70318,#b7b324
70372,#05f7b5
70399,#a1de1a
70426,#faf404
70480,#c3e113
70490,#06eef0
70507,#238fdb
70512,#d415c8
70539,#f329f8
70548,#d89617
70588,#db06f9
70615,#f9da30
70642,#9dd910
70669,#2987da
70750,#f72863
70804,#11addb
70831,#bbe22d
70858,#09e3a1
70912,#18a7c7
70939,#d3db16
70993,#cbae06
71060,#1994eb
71074,#db911e
71128,#cfbd1c
71155,#28aeff
71182,#f22bf2
71209,#f93165
71236,#e9ea2a
71263,#de21a6
71290,#f830ca
71317,#e1d308
71344,#218ee8
71371,#24dab1
71479,#05cdf8
71506,#e5ca23
71533,#27a7ff
71560,#8af11b
71629,#baf31d
71641,#f0fc07
71722,#e31cc0
71776,#01c5f3
71803,#84ef1c
71830,#ea00fd
71857,#99ea02
71884,#d4fe0c
71911,#d01aa3
71965,#03c5f4
72112,#cebd02
72122,#ff1a90
72154,#07fdcb
72208,#c4c122
72235,#dad805
72262,#c91fa5
72289,#2bf76e
72316,#b8d204
72343,#bad208
72370,#ef2d8a
72397,#de9714
72410,#03cbde
72424,#09e4ca
72451,#b3dd18
72505,#a11eeb
72532,#ee0bc4
72559,#e9732b
72586,#18e49d
72613,#09e9ac
72620,#13d3e5
72640,#cfce27
72667,#2eceeb
72694,#acf425
72748,#f203dd
72775,#dee712
72803,#20f371
72829,#8ff329
72856,#da08f5
72868,#74ef2f
72937,#8de922
73018,#bbbc1f
73045,#0a9ae8
73072,#e604a8
73153,#25c1ca
73207,#03a3ed
73251,#fe9d09
73261,#3067f1
73288,#17ffde
73315,#84eb19
73353,#10efac
73369,#d21f94
73396,#db07cf
73423,#1db6be
73450,#ff158f
73477,#fe26ca
73531,#e9c913
73558,#22d0dd
73612,#c208cd
73639,#0eaee0
73693,#f52583
73720,#9dd21c
73774,#19cedc
73882,#b12adf
73909,#07fbb1
73963,#17f9d3
73990,#98ec12
74044,#9424d8
74071,#e626fb
74098,#1ad698
74152,#01cedb
74179,#fe24ec
74206,#28cbfc
74233,#27eacb
74260,#13fd85
74341,#f730e5
74368,#e21fe4
74395,#27e3a7
74557,#0191fa
74584,#28fde8
74638,#23d1fb
74665,#19bdaf
74692,#1dff70
74719,#cd14ef
74746,#fc1bae
74827,#db25a9
74837,#b6e415
74840,#1ce1c5
74908,#2b91e0
74935,#d2be0a
74962,#1ff4a1
74989,#2f97f0
75072,#c5ce11
75092,#c325c5
75097,#b424bf
75151,#f505ce
75198,#c3b327
75205,#13efc1
75232,#6af728
75286,#b2e80c
75313,#ec0dd2
75340,#d19b25
75367,#09acd5
75421,#eaf102
75448,#e29809
75475,#298fcf
75502,#dad916
75529,#8cfc1d
75556,#08ded0
75583,#26e8a0
75610,#fb1a89
75637,#19fba1
75664,#f61c9d
75679,#20fa8c
75691,#21c9c6
75718,#e0e529
75745,#2d5bff
75772,#ed06b4
75799,#2efbab
75826,#8a10fb
75853,#20c4c4
75880,#2bf4d0
75988,#13b5bc
76015,#1493e3
76069,#cab90f
76123,#c221ca
76204,#b22ee7
76231,#e6db09
76258,#b119c2
76285,#c31cd2
76339,#ad20d7
76447,#0eee8d
76474,#8bf403
76501,#f312d6
76528,#bff206
76555,#306cf0
76636,#a210ef
76690,#e0bd1c
76717,#64fd31
76744,#e02688
76798,#fe2c6a
76852,#b1f510
76879,#d611cf
76906,#b5f51e
76933,#15f3ec
76960,#0cffc4
76987,#2ad1dc
77014,#fabb28
77068,#dbd424
77095,#13c6c9
77149,#71fa2e
77158,#23e5a7
77176,#20b4be
77230,#fe1aa8
77311,#10bac0
77338,#16c9ca
77365,#09b0fa
77392,#f731d9
77446,#1dafc2
77473,#e127b4
77500,#00ddbd
77527,#1efecb
77554,#ccbf15
77618,#afef04
77625,#21e679
77662,#fa1e69
77689,#1cabbe
77743,#2a99e2
77770,#7bee27
77824,#b30bf8
77851,#7eee21
77878,#00c5e4
78013,#e2b10d
78067,#da22dd
78094,#17a0fc
78121,#25e6b5
78148,#fa2ed5
78175,#bea423
78202,#01e0e1
78229,#2891f5
78256,#0a85fd
78283,#ebc925
78310,#ccfe08
78337,#f21dbd
78364,#fca823
78418,#c9db19
78499,#b7f910
78553,#a21aeb
78580,#01aef0
78634,#25cf95
78661,#7df70c
78699,#e6c906
78715,#d92690
78774,#cc05e5
78823,#bcfd25
78850,#1bd5ec
78877,#2cebe2
78904,#21afe9
78931,#af16ed
78958,#c710d7
78985,#f2ea1f
79039,#e801ae
79093,#0fc4e2
79120,#e60aea
79147,#17cbd3
79201,#f4f927
79282,#2192e5
79309,#ca1dba
79336,#ff176e
79363,#0aaaeb
79390,#0cc4c8
79417,#ee21f6
79444,#6a29fc
79498,#02c0cf
79579,#e78614
79633,#11e4a5
79687,#04f3d8
79714,#26d8a6
79768,#bb18e7
79795,#8afa25
79822,#c9f310
79903,#f97e1a
79917,#d728f7
79957,#9bfe14
79973,#e96a2d
80038,#acff32
80065,#d3d720
80092,#f72bab
80119,#f01eaf
80173,#10e0cc
80227,#27fbd0
80241,#b8fe05
80259,#0de8eb
80281,#2ba0f1
80308,#e3d912
80335,#efd818
80362,#e8fc04
80389,#d20bc3
80405,#26d5c5
80416,#ffc027
80443,#0a9adc
80470,#dadc01
80497,#e711b5
80524,#da1dd4
80551,#c928ea
80605,#a7f110
80632,#09d4d6
80659,#fad301
80671,#9c13ef
80686,#e7cb12
80704,#b3f51a
80713,#cdfc08
80767,#10ebaa
80794,#af13d3
80805,#307ef5
80929,#b3e91d
80985,#f47524
81020,#1fd9fe
81064,#29e9a9
81091,#2c75f1
81118,#f5d82c
81199,#1dedd6
81226,#d5ab19
81253,#0feccd
81280,#910fff
81307,#dd2ab7
81334,#eeed0b
81361,#9ffc30
81388,#f77829
81415,#1ffad7
81442,#f6178b
81472,#c807bf
81523,#c0e729
81577,#24b9c1
81604,#00f097
81631,#0ba1fc
81642,#21bfd0
81658,#921ffa
81685,#1eaeea
81712,#12e9ec
81739,#1f8af9
81793,#ae21e5
81820,#23f688
81847,#caf710
81874,#eb7c26
81901,#1ffeec
81928,#d0c311
81955,#1ac8f0
81982,#ea25ea
82009,#168bf9
82036,#dfa216
82063,#d11ac8
82076,#81fa18
82090,#ad16e5
82117,#cba317
82144,#e5c922
82171,#abdf16
82198,#fffb1e
82225,#702cee
82252,#9911fb
82306,#dba008
82360,#fd13f3
82387,#2ef476
82401,#03bbeb
82414,#f718d1
82468,#2be9f6
82495,#a22bf8
82522,#c2fd21
82549,#b1e809
82603,#26e17a
82641,#a4e225
82675,#eb29b7
82684,#03fccf
82701,#ebb00c
82711,#27b2ce
82738,#1fe4f5
82819,#12cdc1
82846,#8b2ad7
82873,#f025bb
82900,#209cc7
82927,#eda107
82981,#b7b71f
83008,#b3bf0f
83073,#b724ce
83080,#fd0efe
83116,#f3dd04
83129,#fcc305
83143,#11d5ec
83160,#0bc0d5
83251,#1ae288
83278,#dc1cd4
83305,#09ded0
83332,#96dc1b
83368,#f97825
83377,#b8e715
83480,#a910fe
83494,#e6df1e
83521,#cfb709
83548,#fd1188
83575,#15c2fd
83629,#f809c4
83641,#99cf23
83683,#109cf0
83710,#e08f11
83764,#1294ec
83818,#d5af21
83899,#f0c013
83926,#a02af8
83953,#f4c321
83980,#f804c4
83993,#f706a8
84007,#fad217
84024,#27c7ab
84034,#13aadd
84061,#b9d604
84088,#9cd524
84169,#a8fd02
84304,#f0c50a
84385,#08fd8e
84429,#0498ff
84439,#26c9c6
84466,#28fcc4
84493,#c5f32e
84547,#ffc819
84574,#daa504
84601,#0bdeea
84630,#20d4a0
84655,#28f6b6
84682,#ef9420
84763,#01aedb
84790,#22ebb1
84817,#25f29a
84859,#8ae729
84871,#14d6fb
84905,#970cfc
84952,#2de371
85006,#07e3ca
85033,#be20ca
85087,#ee0d89
85114,#a4da24
85141,#2dafff
85181,#f82a88
85195,#04bfc6
85222,#2acaeb
85276,#29f88e
85303,#d1b71c
85330,#e929a6
85357,#bf1ce2
85384,#16dfb4
85390,#e0d520
85411,#e91bb1
85438,#7612fb
85465,#ce02ba
85519,#fc2c83
85546,#e78d1f
85573,#28fc91
85615,#d69421
85654,#db29f4
85681,#15fdda
85708,#32fdec
85735,#28cab7
85762,#cd24b5
85779,#24fbd1
85789,#01dabe
85870,#ca0bf0
85978,#7ffd0a
86005,#d7c114
86024,#94fb26
86071,#830fee
86113,#731bff
86140,#a9e020
86167,#a904e1
86194,#13b3f3
86202,#f4aa25
86210,#fb2e5d
86248,#f0b003
86275,#e11fb9
86302,#ea2dc9
86329,#cfe011
86369,#fb179a
86383,#c722b7
86437,#d1b80e
86464,#d60fc9
86518,#03d8fe
86545,#930ce2
86572,#2186da
86599,#25bdd7
86626,#f4a91a
86653,#99d816
86707,#9f17d2
86734,#dec70e
86788,#fbe91a
86815,#ea7e1c
86830,#2bfcf8
86851,#1786f7
86869,#edd32e
86950,#20e2f0
86977,#9a0df2
86984,#f51a74
87004,#fff818
87058,#c3d827
87139,#15f5b4
87166,#f42d83
87193,#fc18d7
87263,#c007f4
87269,#22d5a6
87285,#970dee
87300,#1fff87
87355,#f61fa8
87382,#10e5c2
87436,#ca02d1
87463,#f8a52c
87490,#f1a40e
87517,#28fbde
87544,#ff168b
87598,#2ce1b1
87625,#20e8a9
87652,#fe32bf
87659,#ee8a2b
87662,#29e3e5
87679,#fd0b83
87787,#0bfff9
87814,#9be920
87841,#ea0afc
87868,#17c1e5
87922,#a6e52d
88003,#1af3dd
88057,#0dcae2
88084,#ad05f1
88111,#b8b11c
88192,#c2ca1a
88219,#2b8de0
88246,#b304d7
88280,#e11d82
88300,#9729f3
88327,#cbbb22
88354,#19d6cb
88435,#dff022
88462,#24a4f5
88504,#dc12fb
88516,#14a0f1
88543,#e8ce0e
88570,#a730ff
88612,#9be317
88624,#14db9a
88651,#d320a9
88678,#1dbbf8
88705,#ade723
88732,#852bf1
88813,#85f92d
88840,#c62599
88921,#ff0977
88948,#a41cfa
89029,#d411b5
89056,#25edfa
89083,#f72c64
89110,#2af8ac
89137,#a819e8
89164,#bcc712
89191,#f1aa1c
89218,#ecab2b
89245,#90f413
89261,#8be323
89299,#850afb
89326,#f0b21c
89353,#f71ed2
89380,#eedc27
89407,#ceff22
89461,#0bf3d1
89488,#fb860f
89515,#22f0b1
89569,#8d21f6
89596,#27e1ce
89640,#eaf30e
89731,#aafa01
89742,#d5e516
89758,#f62380
89785,#ed14c9
89812,#19f6f1
89839,#b906e6
89866,#bcf60c
89910,#0fdbee
89920,#0eddd9
89974,#1bcdc2
90028,#f016bb
90055,#ff5b2a
90082,#e41be8
90095,#ba13cd
90136,#b12adc
90217,#b5f208
90271,#db0dc3
90325,#b710eb
90352,#0dded6
90379,#0dcedb
90406,#2df1c1
90433,#1aeee6
90487,#d912f8
90514,#9cfd10
90541,#17f9c3
90568,#efa603
90622,#af03ff
90631,#d6bf08
90640,#a7cb0d
90649,#0f91e6
90676,#ed0cdd
90703,#d92ac2
90730,#14fa77
90757,#d70ec3
90784,#b0e013
90811,#d526f0
90865,#8eea0b
90892,#b7cb06
90919,#fd7123
90946,#c8d904
91000,#672dee
91027,#f49519
91054,#bd0cf1
91081,#c026a4
91108,#02e5a4
91135,#15d9fe
91162,#10fe91
91189,#db2bbf
91216,#ed08cc
91252,#fd1bcf
91261,#c41aab
91270,#17f9f4
91312,#b5f803
91324,#fc1af8
91405,#96df19
91459,#ed1987
91513,#22fda6
91648,#ac23c6
91675,#8cf315
91702,#1aade1
91756,#f014ed
91783,#ea03bd
91810,#0cb8cd
91837,#ffd818
91864,#2cd4e2
91918,#f9069f
91945,#1fceaf
91999,#ba24e3
92134,#b922e5
92161,#f27c1d
92215,#be21ee
92242,#e31ce7
92296,#f725fc
92323,#31ff62
92350,#d521a6
92377,#fab715
92404,#9de904
92431,#eff407
92459,#fa0e98
92485,#aef81a
92539,#de18fa
92566,#ebc223
92593,#8025ec
92674,#bce20d
92701,#e82477
92728,#e526ee
92782,#f5e701
92797,#cabf06
92863,#2fbdf1
92890,#1befac
92917,#24e0e6
92971,#7c29f0
92998,#bbfa19
93025,#9727dc
93052,#beb70b
93079,#f79514
93133,#01f7c9
93187,#7dec29
93214,#0eeacc
93241,#bdff14
93268,#df0fcd
93322,#f9c608
93376,#1eacf0
93421,#fbc60d
93457,#2dc7f1
93484,#a52bdd
93511,#7822ea
93619,#b7ce21
93673,#1a83f3
93700,#2bfe73
93727,#04aee1
93781,#1afdc5
93808,#f918cc
93862,#20cca8
93876,#0eedd7
93916,#f529e0
93970,#fe7a2e
93997,#1a80e8
94051,#f519a6
94132,#1ff58b
94273,#1bc5b5
94282,#a10aff
94285,#2683ec
94321,#c314f0
94375,#98dc0b
94402,#cb16af
94442,#19fe98
94510,#e19316
94564,#8927d7
94591,#e81ef5
94618,#c5cf1f
94672,#f3f60b
94726,#e7c71b
94753,#9e24c9
94807,#fe2db1
94861,#e07f29
94863,#fa108f
94870,#c7d127
94915,#2aefa3
94996,#ef0bfa
95050,#fde711
95077,#20aef9
95104,#09fff9
95158,#ea01b6
95266,#189be4
95301,#e7b21f
95310,#f30fe5
95320,#a523e7
95374,#5a2bfc
95401,#9fc827
95411,#d703e4
95455,#24e39b
95482,#00dcf5
95509,#de12ee
95536,#afc418
95590,#c8ea29
95644,#9313f7
95671,#e3e20f
95698,#d6a329
95725,#0fb3c8
95806,#fc11e0
95833,#28cb9b
95860,#d7a817
95887,#01eaec
95914,#9313e2
95995,#22c0ac
96022,#d8d61d
96049,#e02297
96076,#2fb0f2
96103,#22d5a4
96130,#d7c406
96184,#08cfb7
96319,#dbb80e
96373,#f2d423
96427,#84f814
96481,#aa13ee
96508,#03eec2
96562,#ce1d99
96616,#1bed83
96643,#03bbf5
96670,#f021e8
96697,#a3ca1b
96724,#b5f216
96778,#d1de1f
96832,#c1fa17
96843,#04bdf1
96913,#03f6fe
96967,#d600eb
96994,#dc0cdc
97021,#ec1bdd
97048,#7cf731
97061,#951ed0
97129,#01cfbf
97156,#e81bba
97237,#0daad9
97264,#06e0bf
97291,#aa12f2
97318,#2d9fe8
97331,#9ccc1e
97345,#ea8716
97349,#f0e512
97372,#18eab6
97426,#d3a81d
97453,#bbc411
97470,#ef25a6
97507,#17db97
97534,#26deac
97561,#04e4f1
97588,#8b1bdd
97642,#22d8dd
97696,#dfc900
97723,#c607fa
97750,#25bddf
97777,#c521e4
97831,#2efac1
97912,#22fbe3
97939,#2a9bd5
97966,#fe7a0a
98020,#f2fc1c
98061,#f59c0b
98074,#028ff3
98101,#d0c510
98129,#ea12dc
98182,#99f631
98209,#e0287f