GEOID,color
01001,#ff2702
01003,#f62c2b
01005,#f44029
01007,#ff2005
01009,#ff3436
01011,#d23940
01013,#ff4120
01015,#d74e02
01017,#ff5247
01019,#c01f30
01021,#ca152d
01023,#ff1e0d
01025,#ff252b
01027,#c7200a
01029,#ff4f0a
01031,#e8381d
01033,#d70148
01035,#c61e35
01037,#f61206
01039,#ff120f
01041,#ff0040
01043,#c22426
01045,#ff2604
01047,#f61717
01049,#ff0b10
01051,#ff0429
01053,#ff5222
01055,#e0203d
01057,#ff2639
01059,#e11e14
01061,#d33347
01063,#c2183e
01065,#f23a19
01067,#ff1801
01069,#e13245
01071,#c30d09
01073,#f42f31
01075,#d61735
01077,#ff1501
01079,#ff091b
01081,#c51106
01083,#d70321
01085,#cd301d
01087,#ff1912
01089,#ff4511
01091,#ff3033
01093,#bc2c12
01095,#ff1e07
01097,#ff0913
01099,#ff1427
01101,#ba3230
01103,#d5251f
01105,#ff1a31
01107,#e93828
01109,#fe1149
01111,#fa0c0b
01113,#ff1417
01115,#f32a1a
01117,#ff2d33
01119,#ce0a28
01121,#ff2e0b
01123,#f5504a
01125,#c60e1e
01127,#dc3922
01129,#ff3f36
01131,#ff1b05
01133,#ff0213
02013,#9f0eb0
02016,#7f33d2
02020,#a03bac
02050,#c81587
02060,#c50cc3
02063,#c40dc4
02066,#cf14b1
02068,#cd12b2
02070,#a70560
02090,#7e0b66
02100,#a31b95
02105,#930a91
02110,#631e6a
02122,#b50d6d
02130,#c20ac5
02150,#802c68
02158,#6d32cb
02164,#a40cc6
02170,#ab0ca7
02180,#a21659
02185,#ab2464
02188,#8e2064
02195,#682f80
02198,#5b2060
02220,#cc1490
02230,#781782
02240,#98155e
02263,#c908c1
02266,#781783
02275,#ba15a9
02282,#a3385b
02290,#a80cbe
04001,#d1bb2c
04003,#ffff0b
04005,#fff549
04007,#c1ae26
04009,#ffff05
04011,#d7d534
04012,#ffce01
04013,#ffbc36
04015,#dada41
04017,#d1ff48
04019,#ffff03
04021,#fbd541
04023,#ffd01c
04025,#d2ae13
04027,#ffb813
05001,#1482b8
05003,#47b9db
05005,#30e9eb
05007,#28c8cf
05009,#3eabcd
05011,#2ab0ff
05013,#137dd4
05015,#0ef6d9
05017,#23beff
05019,#3981ff
05021,#03bfdf
05023,#28d7ff
05025,#24e3ff
05027,#1de1e0
05029,#26c7bd
05031,#1aeeff
05033,#1d97fd
05035,#2ee3f0
05037,#30dad5
05039,#2eeed0
05041,#09e9fc
05043,#02ccff
05045,#20d6ff
05047,#0ed2ff
05049,#3e96e2
05051,#00f5f5
05053,#0a89ff
05055,#0187c4
05057,#4582ff
05059,#19e2e8
05061,#2699ff
05063,#1bb2ff
05065,#19cff5
05067,#04d9ce
05069,#477dd0
05071,#10a3e7
05073,#1ddcbe
05075,#2fc1ff
05077,#0d97cb
05079,#2da2ff
05081,#32d5c2
05083,#14e7ff
05085,#30bdf4
05087,#30a2ff
05089,#39cbff
05091,#15b2ff
05093,#32edb5
05095,#0df7ce
05097,#14b2cb
05099,#06ddff
05101,#2df8ff
05103,#20e0cd
05105,#26ebff
05107,#3cdaee
05109,#06dfff
05111,#3e97be
05113,#0be7ff
05115,#11a8e2
05117,#0682ff
05119,#22cbff
05121,#17e4cb
05123,#2edcff
05125,#347cba
05127,#2bc4ff
05129,#4b81fb
05131,#03b5e9
05133,#05daff
05135,#218fcc
05137,#2983ff
05139,#1defff
05141,#12fbf2
05143,#0d80e4
05145,#41e9ff
05147,#03abff
05149,#0bb7ff
06001,#a51eff
06003,#7921c3
06005,#9c35d5
06007,#8f0eff
06009,#a520f0
06011,#cb17a9
06013,#8c3ac5
06015,#d920ad
06017,#7e00aa
06019,#8431bc
06021,#d014b2
06023,#ee16d4
06025,#8d1cff
06027,#8d12ec
06029,#da24ff
06031,#8a05ff
06033,#860ffe
06035,#bd27cd
06037,#8c30e9
06039,#8800ec
06041,#c615f7
06043,#a101ff
06045,#9b21f8
06047,#b101d4
06049,#c118fd
06051,#cb2ace
06053,#9c27e6
06055,#8448c9
06057,#931bb9
06059,#b12dc1
06061,#ac0fff
06063,#8434c7
06065,#8b27c1
06067,#ca2bff
06069,#d40eb3
06071,#8d0dff
06073,#830bee
06075,#a628be
06077,#bc16ff
06079,#c706d2
06081,#b31aff
06083,#e907f2
06085,#d82eff
06087,#d020c3
06089,#f942ff
06091,#8536b5
06093,#f72eff
06095,#982dfb
06097,#7f08b9
06099,#c821ff
06101,#b12fff
06103,#f734ff
06105,#9434ae
06107,#db41a6
06109,#be2bff
06111,#8b19b0
06113,#be2eff
06115,#d72ec9
08001,#ff802b
08003,#fb2e02
08005,#e07b13
08007,#e8530e
08009,#a67b05
08011,#bd6b20
08013,#92723c
08014,#de4d21
08015,#e8320f
08017,#dfa42d
08019,#b99938
08021,#97701c
08023,#965513
08025,#ff5410
08027,#ff9015
08029,#af7448
08031,#f49f16
08033,#d15b03
08035,#b66504
08037,#e28837
08039,#d16719
08041,#b16023
08043,#c48317
08045,#d78e13
08047,#ea7b13
08049,#ef543b
08051,#955a21
08053,#d16312
08055,#b73403
08057,#cc770a
08059,#dc3b0e
08061,#bb5e1e
08063,#bba12a
08065,#a17e20
08067,#ff792f
08069,#ff4631
08071,#f8a414
08073,#aaa515
08075,#ff700f
08077,#ff5624
08079,#f66519
08081,#bd3511
08083,#a46a31
08085,#d2934a
08087,#e36b29
08089,#cf3e20
08091,#eea124
08093,#be320c
08095,#a3640d
08097,#d5a61c
08099,#a03a1b
08101,#cb6427
08103,#e43d11
08105,#e23906
08107,#f93d1e
08109,#fa8505
08111,#c26a46
08113,#fe5709
08115,#c46e0d
08117,#a65548
08119,#927027
08121,#ffa84f
08123,#cf8805
08125,#a76210
09110,#16bf3e
09120,#18be3f
09130,#2ac620
09140,#34ff4a
09150,#15c966
09160,#53ff36
09170,#2abd13
09180,#2adb42
09190,#16ff14
10001,#04b48c
10003,#0b7e64
10005,#084f61
11001,#78b51a
12001,#6e1aff
12003,#8d2a97
12005,#d400a0
12007,#ce06a9
12009,#9533ff
12011,#8714f2
12013,#b10092
12015,#d908c9
12017,#9209f3
12019,#d00e92
12021,#d322b8
12023,#de089e
12027,#8f05f1
12029,#e727be
12031,#a91bbe
12033,#e40cff
12035,#bf0d9a
12037,#d8279c
12039,#7115ff
12041,#9d1cb3
12043,#a105f7
12045,#c313bb
12047,#bf03ae
12049,#aa259a
12051,#6e12d2
12053,#8213d9
12055,#8d18ff
12057,#b91bb4
12059,#77049f
12061,#7b129a
12063,#eb279b
12065,#e422ed
12067,#8e08ff
12069,#a63a98
12071,#db3dff
12073,#be30be
12075,#792ebd
12077,#772d9d
12079,#b23d98
12081,#ab21ea
12083,#8916d7
12085,#e302ff
12086,#e124af
12087,#862bfa
12089,#7a17f6
12091,#cc33e8
12093,#e22cfe
12095,#b336f5
12097,#ce0de4
12099,#c52495
12101,#e618f8
12103,#9c10ba
12105,#cb15b7
12107,#ca08fd
12109,#c525e4
12111,#af04ff
12113,#7113c1
12115,#9d07ed
12117,#8301ff
12119,#c70bfe
12121,#dd3edb
12123,#cf09ec
12125,#8c31f0
12127,#c93aea
12129,#e137ba
12131,#6f3fa8
12133,#883be4
13001,#32b8e2
13003,#35ffff
13005,#079cc6
13007,#34bfe7
13009,#16d0ff
13011,#2afeff
13013,#41ffff
13015,#30a7ff
13017,#2affff
13019,#3cfffa
13021,#2fd4ff
13023,#19e0eb
13025,#06dcff
13027,#2caaff
13029,#29ccff
13031,#09bfc2
13033,#3697e2
13035,#2dffdd
13037,#2cccfc
13039,#03a2ff
13043,#27a4ee
13045,#18e5ff
13047,#2dffd7
13049,#2fb6ee
13051,#2efed5
13053,#02a7c6
13055,#3aa4d1
13057,#39ffff
13059,#30cbdc
13061,#3098ff
13063,#20c6ff
13065,#40ffff
13067,#2bf5c6
13069,#3bffca
13071,#2af9ff
13073,#38bbde
13075,#17c4ff
13077,#09fae1
13079,#30e8ff
13081,#09beff
13083,#3cfcea
13085,#14e8f0
13087,#1bf3ff
13089,#3cf0c1
13091,#13c4ff
13093,#0ef2ff
13095,#39ffc2
13097,#07ffff
13099,#06ecf3
13101,#2ef8c5
13103,#00f4ff
13105,#33b5f7
13107,#2eccff
13109,#36daff
13111,#259cfa
13113,#2e97d1
13115,#26ffd6
13117,#43d0ce
13119,#38cae2
13121,#1ab5ff
13123,#02d6e7
13125,#0fb7d9
13127,#25d1c4
13129,#12e1ec
13131,#15ffed
13133,#21b1da
13135,#29c9ea
13137,#3affff
13139,#10fed4
13141,#1cb9ff
13143,#3cd9ff
13145,#13c1dc
13147,#22a4ff
13149,#05c4e3
13151,#32cae3
13153,#06b5fd
13155,#18bcff
13157,#40c4d4
13159,#32dbff
13161,#24ffff
13163,#21fbff
13165,#2ea7ff
13167,#09ffcf
13169,#30b3ff
13171,#32ffff
13173,#0a9fef
13175,#3daff7
13177,#34c5e0
13179,#27ffc0
13181,#01d3ff
13183,#3df8ff
13185,#25b7ff
13187,#2ffff5
13189,#3adedc
13191,#20cec7
13193,#029dff
13195,#0fdfe2
13197,#03b4c6
13199,#11a9ff
13201,#03a5ff
13205,#18cbff
13207,#0faeed
13209,#3effbf
13211,#04ffff
13213,#21aae4
13215,#1dffc8
13217,#32c0ff
13219,#38ffff
13221,#2cf2ff
13223,#1ad5ff
13225,#0598cb
13227,#01e4ff
13229,#14ece8
13231,#26b9c3
13233,#3fdde7
13235,#11ecf9
13237,#3ed0f3
13239,#11dfe2
13241,#10f2ff
13243,#17e6ff
13245,#3397e6
13247,#01edfa
13249,#38a5d8
13251,#33ecff
13253,#0adfe7
13255,#36ffff
13257,#229aee
13259,#01cbff
13261,#42baff
13263,#21ffce
13265,#34c1ff
13267,#3aeae8
13269,#07d6f9
13271,#2fabd6
13273,#17d4ff
13275,#2ef5fb
13277,#39f0d7
13279,#02b0f7
13281,#1ab2f6
13283,#08abff
13285,#3bbefa
13287,#06eae6
13289,#23bcff
13291,#35fdff
13293,#1ea6ff
13295,#26ffff
13297,#3ae4ff
13299,#3199e3
13301,#0fffd8
13303,#02b3ff
13305,#1dcdff
13307,#0cf1cd
13309,#0dffee
13311,#1fa0ff
13313,#31c2fa
13315,#2ba4bf
13317,#2fc5db
13319,#25edff
13321,#03c9ff
15001,#31ff7e
15003,#27ff5e
15005,#1dff5b
15007,#39ff6a
15009,#18ff9e
16001,#df49ad
16003,#9625d8
16005,#fe3bd3
16007,#bf35c0
16009,#f6288e
16011,#e62e63
16013,#d024ae
16015,#962076
16017,#c11da2
16019,#b30a75
16021,#b1289d
16023,#db2db4
16025,#ff0f64
16027,#c22d9e
16029,#e90f76
16031,#ee1fd8
16033,#ea2a89
16035,#cc0ccc
16037,#ae04a5
16039,#e723cb
16041,#a12ed8
16043,#b713cb
16045,#e62586
16047,#b50891
16049,#a30e73
16051,#9b175e
16053,#9d32d6
16055,#df04ce
16057,#90019e
16059,#aa36c0
16061,#d420de
16063,#f01570
16065,#ff4799
16067,#b41f98
16069,#bd17b9
16071,#da3590
16073,#fa1f84
16075,#f0097f
16077,#d5108a
16079,#fc335f
16081,#d32370
16083,#ff1969
16085,#e81869
16087,#b34489
17001,#2aa3d8
17003,#256fff
17005,#1c5bae
17007,#148bf6
17009,#2eb4eb
17011,#098dd3
17013,#4082ee
17015,#239bfe
17017,#2c99c3
17019,#467ae7
17021,#4ba69b
17023,#4c77b0
17025,#3e53fd
17027,#2e9cfe
17029,#4cacd3
17031,#129ef5
17033,#165fc5
17035,#1487a0
17037,#4889c5
17039,#249eb2
17041,#115fd0
17043,#2f72b0
17045,#3e49f6
17047,#3e9892
17049,#44b19b
17051,#1676aa
17053,#4899af
17055,#209ce6
17057,#0890a5
17059,#01b0cc
17061,#4ac0ec
17063,#27bcee
17065,#039ecf
17067,#325bb7
17069,#30b9e6
17071,#1f5c8f
17073,#1a8391
17075,#225ce1
17077,#2d99c8
17079,#285ce3
17081,#4658b6
17083,#0b7ae6
17085,#1445e1
17087,#3c6ed4
17089,#2274e3
17091,#149f9b
17093,#1b74e8
17095,#4472ff
17097,#0aaea2
17099,#4159c7
17101,#3990f7
17103,#3998fb
17105,#0f67f1
17107,#22a3ff
17109,#2272b2
17111,#429cc1
17113,#2eb8d4
17115,#3e91f3
17117,#125e9e
17119,#1767fc
17121,#04a4fc
17123,#3a5c8a
17125,#1645dc
17127,#249dff
17129,#489394
17131,#4657c5
17133,#0e548d
17135,#1b4f95
17137,#2490b9
17139,#28a1ff
17141,#3299d0
17143,#247696
17145,#1070e1
17147,#2092f6
17149,#2a549c
17151,#12b5bb
17153,#15b8f8
17155,#47bc98
17157,#2a76bf
17159,#17b5fe
17161,#3e4fc8
17163,#466c93
17165,#18c08c
17167,#036990
17169,#029188
17171,#174df0
17173,#0890e2
17175,#26a5b5
17177,#0971bf
17179,#2ba594
17181,#32a1a5
17183,#2381d6
17185,#095095
17187,#2f67c4
17189,#08ab9a
17191,#1697cd
17193,#4c67a5
17195,#039cbb
17197,#3688a0
17199,#10b4ac
17201,#0aa5b0
17203,#1eb7f9
18001,#eb6843
18003,#f59118
18005,#ff3d0a
18007,#f62f14
18009,#de5d1e
18011,#ff2b50
18013,#e1432e
18015,#d93c35
18017,#cb7112
18019,#e85401
18021,#f87b2e
18023,#fb7e1b
18025,#f1722e
18027,#cd2114
18029,#955d51
18031,#ad4d09
18033,#cc2c18
18035,#c1621f
18037,#e84249
18039,#a33f0f
18041,#a28149
18043,#9c4908
18045,#ff4730
18047,#e51851
18049,#c09316
18051,#a9532d
18053,#9d170b
18055,#f5341c
18057,#bb4252
18059,#e3311b
18061,#d9650d
18063,#b94305
18065,#ad782f
18067,#e03722
18069,#a71e0a
18071,#b37742
18073,#ba6b17
18075,#af6e41
18077,#cb2e09
18079,#de4912
18081,#d4393c
18083,#f27940
18085,#956022
18087,#ec5902
18089,#a69505
18091,#af241a
18093,#f61631
18095,#987219
18097,#93790d
18099,#ff8231
18101,#ca3c23
18103,#a27428
18105,#cd8739
18107,#ff3c0a
18109,#dd8225
18111,#d33751
18113,#d72307
18115,#f15611
18117,#e75706
18119,#96542b
18121,#ff781b
18123,#ac222b
18125,#c31e0f
18127,#c75a21
18129,#b82822
18131,#aa293a
18133,#e84a35
18135,#f42910
18137,#f0654a
18139,#c7251f
18141,#c63e40
18143,#ff3d40
18145,#bd6b0f
18147,#b53b13
18149,#e42e42
18151,#fc5138
18153,#ae1529
18155,#f82b34
18157,#db2738
18159,#dd6531
18161,#e9833d
18163,#956e3e
18165,#fa5c4e
18167,#d12641
18169,#b5452d
18171,#bc6620
18173,#951c10
18175,#ec6a11
18177,#f7250f
18179,#ff8f24
18181,#ff8921
18183,#925f11
19001,#d92962
19003,#9305a0
19005,#9f0170
19007,#8d0798
19009,#7d194f
19011,#cb2955
19013,#db105b
19015,#df2aa4
19017,#f13760
19019,#ae2295
19021,#f12c9f
19023,#db423c
19025,#c21631
19027,#ac30a6
19029,#a10740
19031,#d4319e
19033,#cd2737
19035,#8a1976
19037,#a80835
19039,#d90756
19041,#811a9e
19043,#92175f
19045,#b62195
19047,#c94075
19049,#a60a78
19051,#983caa
19053,#e70f3e
19055,#c91360
19057,#da174c
19059,#b33c9f
19061,#bd3590
19063,#892fa4
19065,#a5253a
19067,#9b3085
19069,#c71a9c
19071,#a03841
19073,#c02363
19075,#b12a36
19077,#b53771
19079,#902480
19081,#9f1c93
19083,#af2c5b
19085,#ca394f
19087,#912c59
19089,#c00fa9
19091,#d72d79
19093,#d61c7a
19095,#d52545
19097,#c21299
19099,#cc0b69
19101,#eb354c
19103,#901d50
19105,#810956
19107,#9d205b
19109,#c91531
19111,#d42d5d
19113,#bc1550
19115,#b50f34
19117,#ee3580
19119,#a61c55
19121,#d53a7a
19123,#c81877
19125,#8c38a2
19127,#d93737
19129,#e6309a
19131,#a6108a
19133,#963360
19135,#732037
19137,#8d0f62
19139,#7616a4
19141,#722134
19143,#a9137b
19145,#d438a1
19147,#7d2c71
19149,#de3153
19151,#931045
19153,#e714a8
19155,#ce2a30
19157,#e737a9
19159,#c83e3e
19161,#760350
19163,#771b37
19165,#c42137
19167,#9e186b
19169,#a21a5e
19171,#b400a4
19173,#cb362c
19175,#783766
19177,#8b1da3
19179,#7f3e31
19181,#880d76
19183,#bb144f
19185,#832549
19187,#bb2885
19189,#821846
19191,#e23378
19193,#b8379a
19195,#8e054e
19197,#7f0256
20001,#4d12bd
20003,#763ef0
20005,#2e20ed
20007,#6b12b4
20009,#7320de
20011,#2546ff
20013,#543dd9
20015,#511fb8
20017,#6316ff
20019,#7a21ca
20021,#6508ff
20023,#6020b7
20025,#6c07bb
20027,#1a31b1
20029,#8707e1
20031,#8413fa
20033,#7a2cff
20035,#3006ff
20037,#782ad1
20039,#3d02ec
20041,#660bb0
20043,#2232ff
20045,#2d25b0
20047,#5b39a3
20049,#8e15b3
20051,#593ee4
20053,#5a11cd
20055,#2718b7
20057,#5318ab
20059,#2940bc
20061,#1d08a7
20063,#7008ff
20065,#2c1bff
20067,#7b21f7
20069,#3628ff
20071,#502ec7
20073,#4735ff
20075,#601aa6
20077,#5919ff
20079,#1f16c6
20081,#674dff
20083,#6f4de4
20085,#5d2fa9
20087,#1b13ad
20089,#301bef
20091,#6528ff
20093,#4f15df
20095,#6902cc
20097,#320bba
20099,#760ce0
20101,#4a0bdb
20103,#4111c5
20105,#3925ec
20107,#7734f0
20109,#840ed9
20111,#1a1bbe
20113,#8a21c5
20115,#8905c4
20117,#4a43b9
20119,#8c36ad
20121,#8704fa
20123,#8948ff
20125,#502afe
20127,#1447e9
20129,#4c2eff
20131,#453cff
20133,#2944b5
20135,#2c21ef
20137,#3c30cc
20139,#3d15ff
20141,#8c2ef1
20143,#5c2bf4
20145,#861abc
20147,#3a14c6
20149,#8a2cae
20151,#9037f8
20153,#6c20c2
20155,#9201bd
20157,#3b1ffe
20159,#5041db
20161,#2107ff
20163,#4c40b6
20165,#702af0
20167,#7f3ae5
20169,#2623fe
20171,#5b01c5
20173,#7d23ff
20175,#2d42bf
20177,#4607c8
20179,#731aff
20181,#3b0dc2
20183,#4547e6
20185,#8e46cd
20187,#6611ff
20189,#7819f2
20191,#2449b9
20193,#5b03ef
20195,#7743b1
20197,#8d0bff
20199,#2d2bd3
20201,#881fcd
20203,#523bae
20205,#5404c0
20207,#373cf2
20209,#3f44ac
21001,#a5ff02
21003,#baff17
21005,#a2e14d
21007,#d7b936
21009,#daff24
21011,#ccff2f
21013,#c4ba28
21015,#97fe05
21017,#72ff01
21019,#a2ff33
21021,#92ff04
21023,#e1ff06
21025,#afff23
21027,#c5ff28
21029,#84ff4c
21031,#88ff08
21033,#92ff38
21035,#74ff3b
21037,#c6f128
21039,#cfff13
21041,#d1e902
21043,#daff21
21045,#acda36
21047,#7ed038
21049,#bcda06
21051,#77cb26
21053,#8bff27
21055,#7bcb0f
21057,#6cff4a
21059,#9abb02
21061,#97c225
21063,#b6e735
21065,#79ff14
21067,#caff26
21069,#e2d61f
21071,#d6d717
21073,#74ff0c
21075,#6cff41
21077,#b9ff0c
21079,#deff1e
21081,#bbff10
21083,#84ff27
21085,#cac34f
21087,#b3ff37
21089,#bef41d
21091,#dbf431
21093,#b5bc06
21095,#acff0c
21097,#d6f44d
21099,#d6b908
21101,#d8ff0e
21103,#d0d704
21105,#d6fd1d
21107,#bbff0d
21109,#deff11
21111,#b9de11
21113,#84fe2e
21115,#7eff11
21117,#7ae749
21119,#c5f10c
21121,#bbb928
21123,#d4bd25
21125,#bdff1a
21127,#d2d513
21129,#9bff3d
21131,#6aff4e
21133,#70dc1d
21135,#87ff2f
21137,#c5bd07
21139,#9eff16
21141,#7dff12
21143,#a0f038
21145,#bec206
21147,#dfff32
21149,#b2ff08
21151,#75d330
21153,#69d108
21155,#92c301
21157,#89ce05
21159,#a6e90e
21161,#a9ef1d
21163,#86ff35
21165,#a9f346
21167,#e0ff42
21169,#bbff0c
21171,#b3cd2e
21173,#7bff3b
21175,#85d705
21177,#e0ec08
21179,#e6e310
21181,#c0ff0d
21183,#bcee3f
21185,#71ff04
21187,#d5f937
21189,#93ff51
21191,#b2ff4a
21193,#7dba1d
21195,#6cf93f
21197,#6df911
21199,#74e218
21201,#bcff40
21203,#8fff21
21205,#baf417
21207,#93ff02
21209,#6be212
21211,#cbff54
21213,#6cdc39
21215,#8fba18
21217,#b9c605
21219,#a7ff2b
21221,#a4ff2b
21223,#6fff00
21225,#ddff0d
21227,#a0ff51
21229,#d3bb28
21231,#7cff11
21233,#7cff10
21235,#cce518
21237,#74bc46
21239,#a2ff20
22001,#4ca073
22003,#51a391
22005,#08a083
22007,#08f073
22009,#32ff36
22011,#2bf123
22013,#39e48c
22015,#23d253
22017,#28d392
22019,#14ff50
22021,#30bb65
22023,#4aff9e
22025,#08bb87
22027,#25ff52
22029,#13dd6e
22031,#01e866
22033,#0bad36
22035,#25c465
22037,#20bd89
22039,#17b74f
22041,#06cb31
22043,#00f28b
22045,#3ab645
22047,#14b49d
22049,#41ff96
22051,#4df551
22053,#01bd3c
22055,#04b030
22057,#22c373
22059,#0aff61
22061,#0aeb4a
22063,#1bc044
22065,#29b259
22067,#0ae047
22069,#1ece2e
22071,#1abe4f
22073,#32ab6d
22075,#3dca33
22077,#1cff2f
22079,#2fef25
22081,#05be5e
22083,#24c580
22085,#00ff9c
22087,#20d138
22089,#0dff62
22091,#07e024
22093,#2ddd7e
22095,#21c49b
22097,#0de52e
22099,#00da7f
22101,#21c09a
22103,#38ff2c
22105,#05e337
22107,#10d58e
22109,#24de74
22111,#119f4d
22113,#2ffc73
22115,#23a234
22117,#11f078
22119,#03bd43
22121,#2fad99
22123,#52ec9f
22125,#3cff37
22127,#07c99d
23001,#44ff4d
23003,#03cc35
23005,#36f84a
23007,#22c223
23009,#35b773
23011,#43ee60
23013,#26e44a
23015,#0de840
23017,#2df64f
23019,#06da6b
23021,#11d21e
23023,#02c845
23025,#39ef43
23027,#13c44b
23029,#29bc51
23031,#23a36a
24001,#f70d3f
24003,#9e3015
24005,#f60f1b
24009,#d7361a
24011,#df336b
24013,#ce3046
24015,#a3157a
24017,#aa023b
24019,#a8134f
24021,#c93d55
24023,#df2b18
24025,#c61f47
24027,#b80254
24029,#ff0d48
24031,#fb3265
24033,#a3367a
24035,#d03012
24037,#d72c73
24039,#fa0d90
24041,#c91411
24043,#fb1e32
24045,#c4014c
24047,#af3973
24510,#ff0e2e
25001,#11e6ff
25003,#0bedf3
25005,#30ffff
25007,#2effd8
25009,#09afdc
25011,#36cbff
25013,#27bbf8
25015,#11aefa
25017,#1fffff
25019,#0ac8c8
25021,#16b3ef
25023,#17ecd9
25025,#10bfad
25027,#07baec
26001,#9106ae
26003,#8f20df
26005,#4828ff
26007,#3627c6
26009,#721af9
26011,#4528f5
26013,#674efd
26015,#5f4ac8
26017,#210aff
26019,#7e26c2
26021,#7802bb
26023,#5929b1
26025,#913bbf
26027,#824fbc
26029,#4c13e0
26031,#4424ff
26033,#6526b2
26035,#4415ff
26037,#3722cc
26039,#784cef
26041,#5e1ab5
26043,#8c04d8
26045,#7b26ec
26047,#9907c8
26049,#7b02bb
26051,#4e20f3
26053,#1a18f9
26055,#350bd1
26057,#6d09e7
26059,#6008ff
26061,#7f3ce0
26063,#1e47d8
26065,#5738bd
26067,#780bff
26069,#8225df
26071,#7e0aff
26073,#7711bc
26075,#2526b6
26077,#323aff
26079,#6224ff
26081,#7c01b0
26083,#7504be
26085,#6c28af
26087,#8c17ff
26089,#3225ff
26091,#3328c5
26093,#1d0bc5
26095,#7b21ff
26097,#7523b6
26099,#7e2acf
26101,#6209e7
26103,#3a46ff
26105,#3b26f6
26107,#8153e4
26109,#543fde
26111,#8d2df1
26113,#660bff
26115,#8501c2
26117,#2d24ff
26119,#220fff
26121,#7f31ff
26123,#4d01fc
26125,#3a14e0
26127,#5129e0
26129,#5244ff
26131,#7d12ff
26133,#6f27c6
26135,#9824ef
26137,#4a17ec
26139,#9821ff
26141,#3d35c0
26143,#4602c9
26145,#9438ff
26147,#5c27ff
26149,#290fff
26151,#8c50ff
26153,#5a1dba
26155,#722cff
26157,#2326fd
26159,#2e16ff
26161,#274bb8
26163,#631cff
26165,#4343ac
27001,#9412ea
27003,#b825fd
27005,#e60aff
27007,#c00fd8
27009,#e137f3
27011,#d247ff
27013,#f021e4
27015,#ff25ff
27017,#ef39cf
27019,#cd20ea
27021,#bf36ff
27023,#ff13ff
27025,#e020ff
27027,#ad33ff
27029,#e12ae7
27031,#f01de0
27033,#fc21ff
27035,#ac33ff
27037,#9a06db
27039,#e322ff
27041,#d506ff
27043,#c715c2
27045,#e607ff
27047,#d60cd9
27049,#df29ff
27051,#a619e4
27053,#a516ff
27055,#e70eff
27057,#f720e9
27059,#c30eff
27061,#ce02ff
27063,#ff32f5
27065,#c211ff
27067,#c433ff
27069,#ff1bff
27071,#ff32ff
27073,#ff42ff
27075,#fe0fff
27077,#ff37bd
27079,#b81cff
27081,#bb20ff
27083,#9d24fb
27085,#d308ff
27087,#f741d3
27089,#bc2cff
27091,#ff21d9
27093,#da3ac7
27095,#ff3cfa
27097,#ba36ff
27099,#e11bff
27101,#cf26ff
27103,#c63ac1
27105,#fe05ef
27107,#9406ed
27109,#e21cec
27111,#df03d4
27113,#ff39ff
27115,#ad06e2
27117,#ec09d9
27119,#fe1dff
27121,#992efd
27123,#ff0ef1
27125,#ce0aff
27127,#9d16dd
27129,#be39ff
27131,#ff0cee
27133,#b006ff
27135,#dc2cfa
27137,#9b2aff
27139,#d029ff
27141,#b045ff
27143,#ff42d4
27145,#a70dff
27147,#a324d4
27149,#b812ff
27151,#ca37f1
27153,#aa09da
27155,#ff02ff
27157,#c112ff
27159,#be23ff
27161,#a922ff
27163,#ba22ff
27165,#d80bff
27167,#bf32ff
27169,#ba06ff
27171,#ff0cc6
27173,#ac24ff
28001,#ddf70d
28003,#d8ff49
28005,#b2f628
28007,#ffec2f
28009,#e9e228
28011,#ffa329
28013,#be9609
28015,#c4ab13
28017,#beca12
28019,#feba0e
28021,#c2bc09
28023,#eaff00
28025,#c3b11e
28027,#ddd129
28029,#f4dc24
28031,#fac125
28033,#dcee1b
28035,#ffff09
28037,#fcfd3b
28039,#f3da32
28041,#ffac26
28043,#ffac46
28045,#dd9c07
28047,#cce31c
28049,#b9f11d
28051,#fbff26
28053,#eeff01
28055,#ffc045
28057,#fff203
28059,#bdd94e
28061,#bff60e
28063,#f7b70e
28065,#d7e94a
28067,#deff30
28069,#f5d400
28071,#fff70e
28073,#fffd04
28075,#b9a30c
28077,#ff943a
28079,#e8b12e
28081,#fffa26
28083,#e49221
28085,#ffdd1f
28087,#c1ff2d
28089,#fceb2e
28091,#ffff08
28093,#d7d447
28095,#ed9249
28097,#b8be30
28099,#ffde26
28101,#b5cf14
28103,#d3a008
28105,#ffda2c
28107,#e5ff13
28109,#febd14
28111,#ffff15
28113,#bf9b1a
28115,#fdf524
28117,#ffaa1b
28119,#ebde47
28121,#cf9029
28123,#ccd212
28125,#ffd929
28127,#b2c81e
28129,#b6b04e
28131,#e39122
28133,#ffc940
28135,#fbe01a
28137,#ffe238
28139,#d1c131
28141,#e5ff45
28143,#fff800
28145,#ffc03c
28147,#ffaa13
28149,#cfc10f
28151,#fda910
28153,#bccf04
28155,#f6f301
28157,#fffd0c
28159,#d8c60b
28161,#ff953f
28163,#cae50f
29001,#0db172
29003,#1ac03b
29005,#02ff53
29007,#0da281
29009,#21e738
29011,#24d977
29013,#10c771
29015,#3ab82a
29017,#3db106
29019,#20c86c
29021,#09b23a
29023,#12fd7a
29025,#38e41b
29027,#27dc51
29029,#0c967f
29031,#2baf59
29033,#47ab68
29035,#32d223
29037,#4a8e46
29039,#2ecb06
29041,#08ec39
29043,#31fa4a
29045,#06ea4b
29047,#1c9402
29049,#0dd766
29051,#05c15f
29053,#24c642
29055,#1bc866
29057,#48cc4d
29059,#299643
29061,#2ca123
29063,#3cff57
29065,#0ef138
29067,#07cf5a
29069,#3d9e4a
29071,#199f7f
29073,#41fa5d
29075,#28bc2b
29077,#3aae4e
29079,#24f712
29081,#35cc74
29083,#149871
29085,#29e41b
29087,#24b36e
29089,#09b12b
29091,#30ce51
29093,#31cb32
29095,#33f469
29097,#3db669
29099,#26fd66
29101,#1d9d08
29103,#12ff2b
29105,#11a913
29107,#05a314
29109,#10fe69
29111,#22ca21
29113,#18fd71
29115,#13d769
29117,#17e27c
29119,#06c92c
29121,#10bc4d
29123,#0bf81f
29125,#21e324
29127,#28b746
29129,#0cc051
29131,#46ff53
29133,#0ebb59
29135,#0e8d49
29137,#22f567
29139,#3ec801
29141,#2cde25
29143,#03f144
29145,#2ff775
29147,#0dc20f
29149,#4bbe43
29151,#2dd53b
29153,#13ee20
29155,#12f139
29157,#109f3d
29159,#1aff29
29161,#15a13d
29163,#02d163
29165,#4dff30
29167,#01b112
29169,#3fcf6b
29171,#3baa5f
29173,#30f578
29175,#4be054
29177,#2a9c5c
29179,#3faf7a
29181,#25d22c
29183,#0bc356
29185,#1f9c6d
29186,#17a609
29187,#12d277
29189,#09ff07
29195,#23c705
29197,#2da605
29199,#31bc13
29201,#04d612
29203,#1dd041
29205,#0ffd56
29207,#128d50
29209,#0d9631
29211,#2acd34
29213,#32cf5b
29215,#08a379
29217,#03b97b
29219,#05ab4e
29221,#03ff39
29223,#0fe958
29225,#48f078
29227,#1f9578
29229,#3a9f0b
29510,#21d943
30001,#406aff
30003,#407bff
30005,#4e78ff
30007,#055ed6
30009,#264eff
30011,#0963ff
30013,#1f65a8
30015,#246a9f
30017,#016aff
30019,#2b4ef5
30021,#2199b2
30023,#11beff
30025,#1ab5e5
30027,#1480ff
30029,#0657e1
30031,#2287c9
30033,#2db5ba
30035,#0965fe
30037,#22b1a4
30039,#0b9ce1
30041,#0c60ff
30043,#0d67ff
30045,#096ea7
30047,#0cb5b8
30049,#166cff
30051,#0053ce
30053,#2565d8
30055,#2253b7
30057,#269aab
30059,#0488b3
30061,#0663d7
30063,#296bff
30065,#2380f8
30067,#124ddd
30069,#1051ff
30071,#32c1af
30073,#0e95ff
30075,#45a3f1
30077,#396aff
30079,#09aeac
30081,#056bf8
30083,#3469f7
30085,#14c1d8
30087,#185ebf
30089,#2587aa
30091,#4347ec
30093,#19a4ff
30095,#29a6ff
30097,#348ced
30099,#21a5ff
30101,#23b6ff
30103,#36a3c7
30105,#2847a6
30107,#52a0fa
30109,#18c6b7
30111,#1e5df0
31001,#15c9ad
31003,#24c3ff
31005,#3cffdf
31007,#22ffcf
31009,#0dffff
31011,#28ffc8
31013,#2afab6
31015,#2dd1ce
31017,#40f5ff
31019,#15ebf4
31021,#39f3cf
31023,#1ff6ca
31025,#36c3ff
31027,#09d1ea
31029,#04e9f4
31031,#2affb8
31033,#06f1f1
31035,#16ffaf
31037,#11e7ff
31039,#20b5fa
31041,#37ffff
31043,#15e7e5
31045,#11e1ff
31047,#2affe3
31049,#12cde9
31051,#0aa5cf
31053,#27afac
31055,#06b8ff
31057,#21ffff
31059,#2bcbba
31061,#22aeff
31063,#2cf3ff
31065,#1dc2ce
31067,#11cbeb
31069,#3fffef
31071,#05b8e0
31073,#06d2ff
31075,#08cfbf
31077,#02acde
31079,#10e8c4
31081,#2fd1ff
31083,#06ffff
31085,#2affdb
31087,#31ffe6
31089,#1effff
31091,#04d8d0
31093,#21afc9
31095,#39cbfb
31097,#09ffff
31099,#0cc9ff
31101,#41f6ad
31103,#2dfae9
31105,#3ac9ff
31107,#12ede8
31109,#13f1f7
31111,#2effff
31113,#19ffda
31115,#13bbab
31117,#28fbc5
31119,#1bb7ff
31121,#1dc0ad
31123,#3beef0
31125,#16ffff
31127,#1be6ff
31129,#25c6b8
31131,#2cf5dc
31133,#1fb4e8
31135,#23f5ff
31137,#30d0d1
31139,#20ffd3
31141,#26faff
31143,#08e5ff
31145,#15ffff
31147,#22e1ff
31149,#41ffac
31151,#1dcafa
31153,#0de0dd
31155,#27a4cc
31157,#38e5d1
31159,#20fbd9
31161,#0decff
31163,#1db6ff
31165,#2cabff
31167,#12ffff
31169,#2dd6cc
31171,#0be2ff
31173,#26f4ff
31175,#2cf6af
31177,#17bdff
31179,#11a7ff
31181,#41a4ff
31183,#2adffc
31185,#2fa7ff
32001,#67a20e
32003,#73bd1d
32005,#688a05
32007,#8edf1d
32009,#93df1b
32011,#5ac917
32013,#8be615
32015,#73d843
32017,#7c9400
32019,#789732
32021,#79af25
32023,#859f27
32027,#636c08
32029,#589114
32031,#4b9a47
32033,#919728
32510,#57da50
33001,#cb2f0b
33003,#ff364c
33005,#e81355
33007,#f82c0b
33009,#ff025d
33011,#ff238a
33013,#d43c15
33015,#ff331b
33017,#ff2773
33019,#ff0d88
34001,#7333f3
34003,#5c0fcb
34005,#3c26ff
34007,#4014ff
34009,#8301d2
34011,#a31aff
34013,#8e14c1
34015,#a60bff
34017,#611aff
34019,#7530c9
34021,#8c08c7
34023,#5040f2
34025,#930ccd
34027,#4b1cfb
34029,#4121bf
34031,#a920f6
34033,#7131ff
34035,#6b0fdd
34037,#a305fe
34039,#6e01ff
34041,#9c27d6
35001,#12a564
35003,#2a968a
35005,#04b4d1
35006,#4bdf7f
35007,#37b774
35009,#0ce3cf
35011,#4ac493
35013,#0cbca3
35015,#06f2a6
35017,#09e6d6
35019,#18e7d8
35021,#2ad68a
35023,#2dc4a0
35025,#3a856d
35027,#19c574
35028,#4593a6
35029,#28a7d5
35031,#02c488
35033,#33d9ba
35035,#2eb0cd
35037,#18998f
35039,#2975c4
35041,#3d8adc
35043,#20c4be
35045,#49d8db
35047,#07b7df
35049,#4ec6da
35051,#2cad65
35053,#21a4be
35055,#1dc6a6
35057,#11d969
35059,#13cbae
35061,#118f94
36001,#ae11d2
36003,#b337e2
36005,#be14cb
36007,#ff2291
36009,#ff0ed4
36011,#cc17eb
36013,#bf2ada
36015,#bc2ddc
36017,#cd31e1
36019,#ff2cf6
36021,#bd3bbf
36023,#e90ee8
36025,#c01280
36027,#f10db1
36029,#db26f0
36031,#da15f2
36033,#f027a4
36035,#ff1881
36037,#ff2599
36039,#dc3299
36041,#be2077
36043,#cb08e4
36045,#f629d8
36047,#d81cc6
36049,#ff19d8
36051,#d00abc
36053,#ff1da8
36055,#c4127a
36057,#ea1cc4
36059,#cc0b7c
36061,#ff05ac
36063,#ff24df
36065,#e830ad
36067,#ff3d9f
36069,#c338ba
36071,#e211d1
36073,#ba08a1
36075,#df25e1
36077,#ff08a5
36079,#cb4c86
36081,#ff25a7
36083,#ae11dc
36085,#d712bb
36087,#b7269e
36089,#ff40df
36091,#ff11f1
36093,#ba0896
36095,#ff32f2
36097,#f40ce8
36099,#e21b87
36101,#ff23ec
36103,#af08b1
36105,#c814ef
36107,#bc2084
36109,#df37e2
36111,#ff248e
36113,#d44cc9
36115,#ff169b
36117,#ed18d7
36119,#ff18c9
36121,#c018c0
36123,#e9329b
37001,#3a14ff
37003,#2304d4
37005,#5c35f2
37007,#6628b5
37009,#4300ab
37011,#181cad
37013,#6733b9
37015,#0c03ff
37017,#550fbb
37019,#2e01ad
37021,#3c04d7
37023,#1110c2
37025,#2902ff
37027,#260abd
37029,#2b2cfe
37031,#103aff
37033,#5c11fa
37035,#390fff
37037,#3930f2
37039,#3032b3
37041,#0d24cc
37043,#0426c8
37045,#082dff
37047,#3407ff
37049,#1f3ce5
37051,#3603d1
37053,#1807ff
37055,#3a19ff
37057,#3902ff
37059,#110be6
37061,#491fe4
37063,#5b2ddb
37065,#4b13fd
37067,#5942ee
37069,#1925ff
37071,#3126ac
37073,#052afa
37075,#0b0edd
37077,#3e26bf
37079,#223aff
37081,#6a27ff
37083,#1424ff
37085,#6944e8
37087,#5712a7
37089,#3e18ff
37091,#4d0caf
37093,#5818ae
37095,#621de3
37097,#6512ff
37099,#6507e9
37101,#3d24c9
37103,#030ff0
37105,#1712c1
37107,#413ff3
37109,#4c2fb2
37111,#1532c7
37113,#0b2aff
37115,#3221c1
37117,#0d2dff
37119,#3017ff
37121,#190dff
37123,#062dfe
37125,#2213f5
37127,#2b31ff
37129,#2330ff
37131,#073bce
37133,#5a0eff
37135,#6c12ff
37137,#6d12de
37139,#0208ff
37141,#0b22bc
37143,#3323ff
37145,#1029d3
37147,#1a02f2
37149,#303eff
37151,#6620c8
37153,#0a0bb7
37155,#2e25ff
37157,#4d13ff
37159,#5e3aff
37161,#0926a8
37163,#421ade
37165,#573ece
37167,#620dff
37169,#5412c4
37171,#632fff
37173,#1228c3
37175,#072dd9
37177,#3b29ff
37179,#0f07f7
37181,#0d02f5
37183,#0f01ff
37185,#2c04ff
37187,#2025bc
37189,#2418c3
37191,#4b00bd
37193,#553eff
37195,#502ecc
37197,#0840ff
37199,#1c3bff
38001,#e2d501
38003,#f6da0f
38005,#ffcd37
38007,#c4ff31
38009,#d7ff16
38011,#ffb941
38013,#d1ff45
38015,#ffff01
38017,#ffda38
38019,#cfde0c
38021,#fffb03
38023,#d3ff02
38025,#ecbe21
38027,#dbe44e
38029,#e5ff4b
38031,#ffd608
38033,#ece73e
38035,#ffe23e
38037,#ffe12a
38039,#d9ba4e
38041,#fffc1a
38043,#ffff27
38045,#ffc83b
38047,#d8da0f
38049,#b6ba39
38051,#c6ff13
38053,#c1ff18
38055,#ffff1a
38057,#aec12c
38059,#f3e01a
38061,#ffd429
38063,#fffd18
38065,#cfbc1e
38067,#dec93e
38069,#ecd325
38071,#daff0c
38073,#bcff20
38075,#d7e22b
38077,#ffc00f
38079,#bffd37
38081,#e9ff13
38083,#b8ff19
38085,#e5fd0d
38087,#f5ff33
38089,#d2f11c
38091,#ecff1d
38093,#ffbd16
38095,#ffff26
38097,#ffff16
38099,#f1d62f
38101,#dbff0e
38103,#f2b70f
38105,#ddff30
39001,#913451
39003,#e727b2
39005,#f93e83
39007,#e02452
39009,#d14886
39011,#a428a6
39013,#d70b76
39015,#c6015d
39017,#db45b8
39019,#95386f
39021,#900149
39023,#8f2e98
39025,#f00aa8
39027,#af3e69
39029,#c81250
39031,#a527bc
39033,#ba1a6c
39035,#c32c71
39037,#cb267f
39039,#cf179e
39041,#d81b57
39043,#8b2b8d
39045,#db2755
39047,#973c69
39049,#e2026e
39051,#a51460
39053,#8511b1
39055,#da2d7c
39057,#943d9c
39059,#f5219d
39061,#8f1e7d
39063,#ba2ec1
39065,#8f1a67
39067,#a634b2
39069,#a118c0
39071,#d9175d
39073,#8c1855
39075,#d4099d
39077,#e90792
39079,#e127c1
39081,#ee15a2
39083,#a11e58
39085,#9f15be
39087,#bd34a3
39089,#e00687
39091,#9241a6
39093,#8c41be
39095,#ac1faf
39097,#b82395
39099,#850299
39101,#9d0391
39103,#f74269
39105,#ef244c
39107,#9d40b9
39109,#9408b9
39111,#eb0d71
39113,#a71b56
39115,#c4149a
39117,#c6484b
39119,#e72bb3
39121,#a2145d
39123,#bd3992
39125,#bc3968
39127,#df0ab9
39129,#e52d97
39131,#b5296b
39133,#e13b5b
39135,#94227b
39137,#b10b87
39139,#f80752
39141,#ef1648
39143,#972a6a
39145,#850bc1
39147,#b90a5b
39149,#ef09a9
39151,#c70d6e
39153,#9a15b1
39155,#f33562
39157,#ca3c71
39159,#f13280
39161,#ab019c
39163,#9d42a4
39165,#e70f4f
39167,#f63051
39169,#c7027c
39171,#9118b1
39173,#ad1aa4
39175,#dc3a87
40001,#bccc0a
40003,#aaf80b
40005,#69bf42
40007,#7ac840
40009,#51ad0f
40011,#53bf15
40013,#4abd45
40015,#78ff0f
40017,#85ff07
40019,#71ff30
40021,#55ff1b
40023,#b9ae18
40025,#73e30b
40027,#6cf30a
40029,#8ca23d
40031,#72cb3d
40033,#45ee0f
40035,#bad30d
40037,#7bc419
40039,#9ec423
40041,#84e440
40043,#49ff41
40045,#8fa138
40047,#58ae46
40049,#65ff23
40051,#92db2a
40053,#859b2a
40055,#bfe62e
40057,#4ef738
40059,#a7c12c
40061,#4dc320
40063,#69bf3c
40065,#71ed23
40067,#6eaf0a
40069,#55b111
40071,#60ff14
40073,#96ff0f
40075,#c1a506
40077,#66ba03
40079,#59a234
40081,#59ac2c
40083,#84ff1b
40085,#71ce30
40087,#86cc17
40089,#aaff25
40091,#7dfc2e
40093,#87b133
40095,#4fff2a
40097,#65a243
40099,#a4a714
40101,#96dc0d
40103,#8fbf03
40105,#8df836
40107,#4dbf32
40109,#bdf322
40111,#c4c632
40113,#55ff03
40115,#4edc09
40117,#81ef24
40119,#83e610
40121,#48ff1d
40123,#b7b835
40125,#45c522
40127,#8da200
40129,#60c10e
40131,#5eaa35
40133,#51ff01
40135,#71bb3c
40137,#61ea25
40139,#54eb37
40141,#76ff28
40143,#7eb130
40145,#6cb02e
40147,#4eff3a
40149,#7c9c36
40151,#90ff31
40153,#aff52f
41001,#3705c4
41003,#1011bc
41005,#0a0dd6
41007,#1747ab
41009,#0e49ff
41011,#0a06ff
41013,#2217ff
41015,#144eff
41017,#4c15ff
41019,#1508ba
41021,#1022fb
41023,#3a03ff
41025,#282ae8
41027,#311ff3
41029,#1f16f5
41031,#3752f6
41033,#3b0fb1
41035,#0e01f6
41037,#0a0ddd
41039,#3214b7
41041,#2a0ddf
41043,#4146d3
41045,#0155ff
41047,#350fff
41049,#1635ff
41051,#3013e7
41053,#0b54c6
41055,#0b17f6
41057,#1f0bcc
41059,#1f01ff
41061,#4918cd
41063,#152dff
41065,#1f5bea
41067,#0104ad
41069,#2205ca
41071,#1105c5
42001,#cd7a0b
42003,#ae3208
42005,#d28912
42007,#983436
42009,#cc6e1e
42011,#e0a729
42013,#d89039
42015,#d09829
42017,#8b4f30
42019,#7ba71a
42021,#ddaa07
42023,#c86228
42025,#a2672e
42027,#a99f0a
42029,#b25721
42031,#9d8a36
42033,#9f691f
42035,#ad971f
42037,#9d3719
42039,#db620f
42041,#ab5140
42043,#9d9733
42045,#d93121
42047,#e47906
42049,#dd7c1e
42051,#9c350d
42053,#b75a22
42055,#8f3e32
42057,#a79415
42059,#d48f36
42061,#757e2f
42063,#d7661c
42065,#ac4539
42067,#68843a
42069,#d23904
42071,#dda823
42073,#ccaa1f
42075,#bca00d
42077,#7b8133
42079,#89751e
42081,#944715
42083,#cd7019
42085,#af9f06
42087,#bc3426
42089,#ce9717
42091,#a36f0c
42093,#cf4e29
42095,#daa522
42097,#d59c0a
42099,#83923c
42101,#6f2d2f
42103,#8e6c27
42105,#905e3f
42107,#828f18
42109,#7d940f
42111,#729a33
42113,#e07b3a
42115,#9a7f3e
42117,#a87531
42119,#b1880c
42121,#703118
42123,#ce6e0a
42125,#9e2c01
42127,#9b712a
42129,#9f6e3b
42131,#ad3307
42133,#d26a40
44001,#c8521e
44003,#a60c40
44005,#f01f22
44007,#ad152c
44009,#ed0d15
45001,#21ee1d
45003,#19ff6e
45005,#05ff52
45007,#1df478
45009,#3ae331
45011,#02d358
45013,#29e390
45015,#30ff74
45017,#08ca26
45019,#26ff61
45021,#31ce58
45023,#39d059
45025,#3aff37
45027,#0fcd6c
45029,#3ff37e
45031,#41ff4e
45033,#3bff38
45035,#1ac329
45037,#05b446
45039,#2ec392
45041,#20ff1b
45043,#26d069
45045,#08ff3c
45047,#32fb76
45049,#20e56e
45051,#05df56
45053,#12d65e
45055,#38f681
45057,#34ff62
45059,#0bf628
45061,#3dfc8a
45063,#39e516
45065,#2dff61
45067,#18e558
45069,#30d15b
45071,#2bee37
45073,#1bbe5f
45075,#3cff92
45077,#3cbb63
45079,#31ff5c
45081,#12ff52
45083,#12ff83
45085,#0fb32b
45087,#0df95a
45089,#11ff79
45091,#13ff5b
46003,#2fe268
46005,#3ee509
46007,#29ed6f
46009,#2eff30
46011,#33ff02
46013,#1bc91b
46015,#4aff53
46017,#17e331
46019,#36f461
46021,#1af529
46023,#24ff3d
46025,#08ff34
46027,#2aff0e
46029,#0eff07
46031,#27ff26
46033,#3ddc3b
46035,#23ff65
46037,#2fff4b
46039,#1ee655
46041,#17d70d
46043,#31ff57
46045,#42ff31
46047,#2be457
46049,#2af729
46051,#03ff07
46053,#3fff1e
46055,#3cff05
46057,#18ec23
46059,#39be36
46061,#0eff19
46063,#03ff6c
46065,#17ff44
46067,#1aee47
46069,#29d449
46071,#3bf512
46073,#49ff39
46075,#29ff05
46077,#17bc3a
46079,#15ff20
46081,#22ff1d
46083,#0dff70
46085,#45ff5c
46087,#40ff51
46089,#47ff01
46091,#1dff27
46093,#2bcb0a
46095,#11c41f
46097,#19ff69
46099,#39d152
46101,#40ef6b
46102,#23ff17
46103,#11ff3d
46105,#44d51b
46107,#19f547
46109,#0dfe31
46111,#31ff52
46115,#3eff52
46117,#28ff52
46119,#34ff15
46121,#20ff0b
46123,#3eff4c
46125,#2bd035
46127,#18ff4d
46129,#2fed17
46135,#4bff35
46137,#2eff18
47001,#d63ef9
47003,#e20aff
47005,#ff3cd3
47007,#b14cbf
47009,#ff24e8
47011,#e70fff
47013,#e74ee8
47015,#d511dc
47017,#ff02d3
47019,#e217ff
47021,#ff02d6
47023,#cb13ff
47025,#b545ff
47027,#fb12fe
47029,#b90fd5
47031,#ff46eb
47033,#ff41c4
47035,#c60dee
47037,#ff21c1
47039,#ac30c4
47041,#fc1eff
47043,#ff0ae2
47045,#da24bf
47047,#eb28ff
47049,#d952fe
47051,#b83dff
47053,#ea07e7
47055,#b83bf5
47057,#ff03e3
47059,#ef2ad2
47061,#a34eff
47063,#d622c3
47065,#c640ff
47067,#ff52d2
47069,#eb00e4
47071,#ff0be3
47073,#c72cff
47075,#b80fff
47077,#c452ff
47079,#b621ff
47081,#c117e3
47083,#d403c2
47085,#ff49fa
47087,#a420f2
47089,#a309ff
47091,#cc20ff
47093,#ba09ff
47095,#b023c5
47097,#a103ff
47099,#ff17ff
47101,#ff4cff
47103,#c232ff
47105,#df2ed7
47107,#fa3aff
47109,#ad1fdd
47111,#c551cd
47113,#ff0de2
47115,#c10cd0
47117,#aa20d6
47119,#df1acb
47121,#cf25ff
47123,#f024cb
47125,#f228ff
47127,#ac29d4
47129,#fe3aef
47131,#a510ff
47133,#ff51ed
47135,#f00ad5
47137,#e925ff
47139,#d820ff
47141,#e821ff
47143,#a340ff
47145,#b20dff
47147,#ff04ff
47149,#fc1bcd
47151,#dd16c2
47153,#b011ff
47155,#ff05ff
47157,#d728e2
47159,#e806f0
47161,#ff38ff
47163,#ff42f7
47165,#f139ff
47167,#ff20ff
47169,#d304ff
47171,#b843fe
47173,#bf09db
47175,#f414f9
47177,#a941ff
47179,#ce47ff
47181,#fa19de
47183,#c848ff
47185,#d82ccb
47187,#b50cff
47189,#ff13c1
48001,#ff11a3
48003,#ff4236
48005,#e71e35
48007,#ee0b94
48009,#e21958
48011,#ff0c4a
48013,#ff3565
48015,#c303a4
48017,#ec0268
48019,#ff4a80
48021,#ff3e7d
48023,#fe207b
48025,#c8224d
48027,#f62661
48029,#d40e50
48031,#ff0646
48033,#ff1f96
48035,#e84248
48037,#c93441
48039,#ff269f
48041,#f62caa
48043,#ff4341
48045,#ff2f48
48047,#ff179e
48049,#dc2330
48051,#c8053e
48053,#c822a7
48055,#c3088d
48057,#d82e42
48059,#cf0f75
48061,#f00486
48063,#f81d7c
48065,#e22d68
48067,#ff358d
48069,#ff4289
48071,#ff08ad
48073,#ea478d
48075,#ff2d94
48077,#ff0e8d
48079,#ff3896
48081,#ed50a8
48083,#c62e88
48085,#ff2da8
48087,#fc126e
48089,#f82735
48091,#f33187
48093,#fe504a
48095,#ff0388
48097,#d4065e
48099,#ff3537
48101,#e81b8f
48103,#d82f9f
48105,#c0339f
48107,#fd0a83
48109,#ff1d90
48111,#ff374a
48113,#e2097c
48115,#d9027b
48117,#d1293b
48119,#e73bae
48121,#ff2876
48123,#e52248
48125,#ff1431
48127,#ff2845
48129,#ff2e57
48131,#cf264c
48133,#ef2681
48135,#ff1837
48137,#ff2d31
48139,#ca3e37
48141,#ff4097
48143,#f00d9a
48145,#ff3938
48147,#e21da5
48149,#ff057d
48151,#ec14a3
48153,#ff065a
48155,#ff1b6e
48157,#c32caa
48159,#fb09af
48161,#e13c51
48163,#ff1269
48165,#ff4176
48167,#ca1b5c
48169,#bc063b
48171,#ff34aa
48173,#c40e5f
48175,#d82932
48177,#fe4d52
48179,#ff1579
48181,#ed2b47
48183,#ff3b39
48185,#d82b6b
48187,#ff0dac
48189,#e74c68
48191,#ff1aa0
48193,#d91273
48195,#ff0771
48197,#e0088c
48199,#ff0a70
48201,#ff2d74
48203,#eb2b5f
48205,#e70431
48207,#bd1e88
48209,#f12936
48211,#ff407a
48213,#dd0079
48215,#d8267b
48217,#dd1042
48219,#bf477e
48221,#f4108f
48223,#cb1786
48225,#ff3183
48227,#dc2259
48229,#c62e5d
48231,#ff0974
48233,#de1b9a
48235,#c10064
48237,#cf2f30
48239,#c23d66
48241,#ff0260
48243,#ff0b7e
48245,#ff0d86
48247,#ff09af
48249,#ff428d
48251,#cb1e78
48253,#ff1e56
48255,#f62957
48257,#e51766
48259,#ff2b73
48261,#ff1a3f
48263,#ce395d
48265,#dc2246
48267,#ff2a7d
48269,#c82a44
48271,#ff067f
48273,#ce19a4
48275,#ff5082
48277,#ed1faa
48279,#fc1195
48281,#e6093c
48283,#c31a62
48285,#c52e44
48287,#e70834
48289,#ff078c
48291,#d21048
48293,#cc1955
48295,#f04182
48297,#ff1643
48299,#cb25a0
48301,#ff1e59
48303,#fd4d68
48305,#ff1954
48307,#ce1960
48309,#cf1732
48311,#ff0d30
48313,#e6053f
48315,#e30a53
48317,#ef113c
48319,#e4227c
48321,#f64180
48323,#d71069
48325,#ff396c
48327,#ff1d8b
48329,#e60571
48331,#c11779
48333,#e25299
48335,#ff0930
48337,#de32a6
48339,#ff1b4d
48341,#ff0393
48343,#ff2631
48345,#ff055d
48347,#c40542
48349,#e11b5d
48351,#f41834
48353,#ff0ca2
48355,#d32086
48357,#c63750
48359,#ff0d8a
48361,#d8227b
48363,#c7085d
48365,#c424a9
48367,#eb2639
48369,#c4255e
48371,#c6516f
48373,#f10633
48375,#ff1f5a
48377,#ff0c83
48379,#c0188b
48381,#ff2147
48383,#ff168e
48385,#ff2396
48387,#bb1c9c
48389,#ff2f59
48391,#ff0454
48393,#ff1c63
48395,#ca1e53
48397,#ff0a7f
48399,#f50030
48401,#ec2a92
48403,#d60354
48405,#f90648
48407,#ff1170
48409,#d3013e
48411,#e4413b
48413,#ff0f85
48415,#ff3a98
48417,#fa2a7c
48419,#da5033
48421,#ff24ae
48423,#e41f5e
48425,#ed0263
48427,#fc015d
48429,#ee0584
48431,#ff1485
48433,#ff4a97
48435,#ff42a1
48437,#ff2952
48439,#d64b8b
48441,#e125ae
48443,#c81aab
48445,#ff1a5d
48447,#f5059d
48449,#ff418e
48451,#f6183e
48453,#ff1353
48455,#e64d36
48457,#ea4591
48459,#ff105a
48461,#ff1a9c
48463,#f7224a
48465,#ff2779
48467,#ff1534
48469,#ff429a
48471,#ff346d
48473,#ff25a3
48475,#ff436f
48477,#fe2683
48479,#d912ac
48481,#f60b3a
48483,#f1137e
48485,#d91c62
48487,#ff0a3d
48489,#ff3243
48491,#ff4047
48493,#e62d7f
48495,#ff07ab
48497,#ff2b70
48499,#ff3f90
48501,#ff1965
48503,#ff3659
48505,#ff36af
48507,#ff513a
49001,#3163cb
49003,#191cff
49005,#0c32ae
49007,#4534bd
49009,#1125ea
49011,#3844ee
49013,#1317ff
49015,#2f03ff
49017,#3114bb
49019,#2031ff
49021,#324ac7
49023,#1726f6
49025,#045fff
49027,#2463cd
49029,#3206ff
49031,#2f47fd
49033,#4638ff
49035,#1b53ff
49037,#0115ff
49039,#1c03c4
49041,#221dff
49043,#3247ff
49045,#0140e7
49047,#2a3ef4
49049,#2e52ff
49051,#0301b8
49053,#291cbd
49055,#0f3bb3
49057,#0308ff
50001,#b76730
50003,#d67738
50005,#f16d40
50007,#ff8714
50009,#b25e0a
50011,#b65025
50013,#bc8e45
50015,#f94420
50017,#a8172a
50019,#b4571e
50021,#ee8131
50023,#cf701f
50025,#ff180e
50027,#b5833d
51001,#169adf
51003,#1d8dfb
51005,#038bf8
51007,#2f59ac
51009,#06ccad
51011,#45bbe8
51013,#079dff
51015,#2fcda4
51017,#0284ff
51019,#18a9b3
51021,#05a8d3
51023,#25c9ff
51025,#25bbff
51027,#1089ff
51029,#0792cb
51031,#1559ff
51033,#169cd2
51035,#3ba1dd
51036,#07a3d4
51037,#35c6a4
51041,#138fb4
51043,#0dbce9
51045,#0d67d9
51047,#06a4c1
51049,#11cfff
51051,#0179dd
51053,#3e6c9a
51057,#3d7cff
51059,#0982ff
51061,#1399c9
51063,#2a9cff
51065,#1c90f4
51067,#1755e1
51069,#23b0ff
51071,#3a84e5
51073,#316aff
51075,#15b9ff
51077,#2a88ff
51079,#24b9a0
51081,#26b0b6
51083,#2670bf
51085,#3759a3
51087,#27bc9d
51089,#35529c
51091,#19abf4
51093,#0e9cea
51095,#3babc4
51097,#1874ff
51099,#13bcff
51101,#01afff
51103,#1492ef
51105,#21a9af
51107,#05cbe7
51109,#2c6adc
51111,#04c9ac
51113,#2d75fa
51115,#1cb4b3
51117,#2255a8
51119,#38cecc
51121,#14b3f8
51125,#2b90ee
51127,#3290c5
51131,#0756e1
51133,#387fcf
51135,#0eadc6
51137,#22c8a8
51139,#2351a3
51141,#2698fa
51143,#017eff
51145,#2995ff
51147,#3ea4d5
51149,#40c7d9
51153,#2159ff
51155,#02b1ff
51157,#04b8cc
51159,#1989cb
51161,#2e88c9
51163,#12d0ff
51165,#2696e1
51167,#2c97ff
51169,#446eea
51171,#1dc3bd
51173,#0976cd
51175,#2bcdff
51177,#1cc9ff
51179,#2d63ab
51181,#2558a6
51183,#136bff
51185,#377aff
51187,#2769be
51191,#3a7dff
51193,#0f91ff
51195,#0986dc
51197,#286ce0
51199,#3691db
51510,#427daf
51520,#1e85d8
51530,#0e66c4
51540,#2084f7
51550,#00c4ff
51570,#2d87ff
51580,#2d88f2
51590,#3eb1b3
51595,#0659b5
51600,#36cca6
51610,#1059ef
51620,#35aec3
51630,#205da5
51640,#0d81e0
51650,#08acca
51660,#3455d2
51670,#0cabb3
51678,#2aaceb
51680,#0db0d3
51683,#0d88ff
51685,#295f9c
51690,#0289dd
51700,#1093ad
51710,#065bbc
51720,#2463c1
51730,#288de2
51735,#3bc4c8
51740,#316aca
51750,#0957f6
51760,#296ba6
51770,#3461ff
51775,#0d97c6
51790,#0ab7bc
51800,#2ebef6
51810,#0fa4e1
51820,#3ab0fb
51830,#0589d3
51840,#3bd1e7
53001,#988330
53003,#88c720
53005,#809c07
53007,#7d7920
53009,#74c528
53011,#5b8f0c
53013,#d0d518
53015,#5ebb16
53017,#adba1f
53019,#6dce19
53021,#c4c147
53023,#c0db0c
53025,#58923b
53027,#8cca43
53029,#698719
53031,#cf9d19
53033,#766d10
53035,#81884e
53037,#8dd434
53039,#687427
53041,#669a33
53043,#a2b511
53045,#689514
53047,#5bd549
53049,#627608
53051,#95e21a
53053,#5dd01c
53055,#778511
53057,#9abf2f
53059,#7e8f2e
53061,#c3bf12
53063,#8eb74b
53065,#aac32b
53067,#7ae606
53069,#63cf17
53071,#87e014
53073,#cbd01c
53075,#bf8a15
53077,#ccb72c
54001,#21c994
54003,#3fe35e
54005,#2ee590
54007,#27ff21
54009,#12ff1a
54011,#21eb8c
54013,#03ce6b
54015,#2eea23
54017,#11ac5f
54019,#3ceb35
54021,#0bce94
54023,#17ff84
54025,#37e86e
54027,#01e652
54029,#2bf64e
54031,#2ee38c
54033,#079d7f
54035,#23e381
54037,#42ef91
54039,#2ea53f
54041,#12e759
54043,#24b07f
54045,#21ff4c
54047,#24a93b
54049,#40ad59
54051,#1bba47
54053,#3dfa35
54055,#38ed25
54057,#25bf31
54059,#1daf60
54061,#13ad87
54063,#24bc5f
54065,#06fd37
54067,#06cd3a
54069,#34b152
54071,#13cb61
54073,#129a8c
54075,#29ff4a
54077,#31ff8d
54079,#22cf8b
54081,#3dcb1c
54083,#3fbd53
54085,#0a936e
54087,#17ff73
54089,#36f817
54091,#1cff4d
54093,#27b033
54095,#1ae290
54097,#42e14c
54099,#01f070
54101,#1aef50
54103,#14eb1a
54105,#24dc56
54107,#059985
54109,#2fa839
55001,#1de502
55003,#41ff3b
55005,#07e81a
55007,#02e355
55009,#34a52b
55011,#43f833
55013,#40ff10
55015,#07b509
55017,#28f904
55019,#26a340
55021,#2eff3a
55023,#30a422
55025,#35e869
55027,#2fb037
55029,#1cef27
55031,#23ff2e
55033,#11ff5c
55035,#39c540
55037,#02a839
55039,#44ff6e
55041,#32d23c
55043,#49f13a
55045,#20db0c
55047,#09d172
55049,#2ad203
55051,#3fdc55
55053,#35cd32
55055,#22fc06
55057,#16ff3e
55059,#1aff0a
55061,#05b750
55063,#0bd124
55065,#14ff40
55067,#11ff43
55069,#2da541
55071,#25ff36
55073,#0fc234
55075,#37ce5b
55077,#45a44f
55078,#05cf15
55079,#1fff01
55081,#34ff01
55083,#19fd2f
55085,#30a702
55087,#20c775
55089,#32e647
55091,#29ff07
55093,#42c36e
55095,#35f472
55097,#13ac51
55099,#0ec26a
55101,#45a63f
55103,#13c057
55105,#1ea052
55107,#21b45e
55109,#18a55c
55111,#18ff05
55113,#14eb70
55115,#11aa07
55117,#35ff75
55119,#05e006
55121,#11ff04
55123,#04ae22
55125,#1fcf2b
55127,#33ff14
55129,#1ea343
55131,#02ff30
55133,#16ac46
55135,#25ff28
55137,#26d11a
55139,#3dff6d
55141,#1efe46
56001,#ffd639
56003,#f9cf1d
56005,#b7ff17
56007,#dbff40
56009,#bfbc20
56011,#f5fb22
56013,#c1ff13
56015,#c2f707
56017,#ffd338
56019,#ffee15
56021,#bdff25
56023,#ffff1b
56025,#ebff28
56027,#beff46
56029,#f0ce45
56031,#ffda14
56033,#e5ff23
56035,#d5bd06
56037,#ffd509
56039,#ffd210
56041,#c1f210
56043,#ffe41a
56045,#ffff04
60010,#12ff0f
60020,#3bff23
60030,#42ef42
60040,#16f513
60050,#32fd1a
66010,#2f8a82
69085,#3476f0
69100,#2367ff
69110,#2c6fff
69120,#2e43ff
72001,#0ec916
72003,#0eff01
72005,#1fff43
72007,#46ff1f
72009,#2bcb36
72011,#4df40e
72013,#28cf16
72015,#15c028
72017,#10ff3f
72019,#22ff28
72021,#1bff35
72023,#1cff12
72025,#34ee18
72027,#2af805
72029,#4aff25
72031,#01ff23
72033,#3dff09
72035,#05c207
72037,#06d90a
72039,#4ce50e
72041,#18d311
72043,#44ff1c
72045,#26ff31
72047,#22ff12
72049,#18ff0c
72051,#51d34a
72053,#09ff44
72054,#19ff27
72055,#17ff1d
72057,#1fcb1e
72059,#4fff10
72061,#1bff00
72063,#23ff19
72065,#37d149
72067,#4fc22e
72069,#20ff1a
72071,#47ff4c
72073,#09e60b
72075,#15e810
72077,#0cc73e
72079,#1cff22
72081,#02ff1e
72083,#0eff23
72085,#0fff0d
72087,#3af043
72089,#2bff04
72091,#2fff03
72093,#0ff92e
72095,#1ff104
72097,#18ff22
72099,#0cff08
72101,#0cff0c
72103,#24e33e
72105,#4fff44
72107,#12c92c
72109,#03ff09
72111,#50ff3e
72113,#37d32c
72115,#0ce611
72117,#0aff3b
72119,#07ff05
72121,#09c91e
72123,#3bff16
72125,#16d331
72127,#1dff25
72129,#21d221
72131,#04ff4c
72133,#06ff24
72135,#02fa51
72137,#42ff4f
72139,#2eff50
72141,#2bff2e
72143,#4fde34
72145,#2acf0c
72147,#28ff03
72149,#2bcc4f
72151,#22fa0c
72153,#1fff33
78010,#9332c5
78020,#c209e3
78030,#9b2e86
